[exact-wal-matrix] 21:49:03 running functional_suite: env CANDIDATE_DIR=/home/caghan.linux/table-restore/pg_flashback/target/candidate/722dabfe3d40a152a0308148f0fe12c794f6f49d /home/caghan.linux/table-restore/pg_flashback/scripts/run_exact_candidate_functional_suite.sh
2026-07-23 21:49:03.755 P00   INFO: stanza-create command begin 2.53.1: --config=/home/caghan.linux/table-restore/pg_flashback/target/exact-candidate-functional/runs/20260723T184903Z-70081/pgbackrest.conf --exec-id=70202-bafcf2eb --log-level-console=info --log-level-file=detail --log-path=/home/caghan.linux/table-restore/pg_flashback/target/exact-candidate-functional/runs/20260723T184903Z-70081/log --pg1-path=/home/caghan.linux/table-restore/pg_flashback/target/exact-candidate-functional/runs/20260723T184903Z-70081/primary --pg1-port=45081 --pg1-socket-path=/tmp/pgfb-func-20260723T184903Z-70081 --repo1-path=/home/caghan.linux/table-restore/pg_flashback/target/exact-candidate-functional/runs/20260723T184903Z-70081/repo --stanza=exact_func
2026-07-23 21:49:04.379 P00   INFO: stanza-create for stanza 'exact_func' on repo1
2026-07-23 21:49:04.386 P00   INFO: stanza-create command end: completed successfully (632ms)
NOTICE:  pg_flashback: created logical replication slot pg_flashback_funcdb
NOTICE:  schema "pg_temp" does not exist, skipping
NOTICE:  table "_fb_wal_lock_ids" does not exist, skipping
NOTICE:  table "_fb_wal_batch" does not exist, skipping
NOTICE:  table "_fb_wal_commits" does not exist, skipping
NOTICE:  table "_fb_wal_events" does not exist, skipping
NOTICE:  table "_fb_wal_relevant_commits" does not exist, skipping
NOTICE:  schema "pg_temp" does not exist, skipping
NOTICE:  table "_fb_wal_lock_ids" does not exist, skipping
NOTICE:  table "_fb_wal_batch" does not exist, skipping
NOTICE:  table "_fb_wal_commits" does not exist, skipping
NOTICE:  table "_fb_wal_events" does not exist, skipping
NOTICE:  table "_fb_wal_relevant_commits" does not exist, skipping
NOTICE:  schema "pg_temp" does not exist, skipping
NOTICE:  table "_fb_wal_lock_ids" does not exist, skipping
NOTICE:  table "_fb_wal_batch" does not exist, skipping
NOTICE:  table "_fb_wal_commits" does not exist, skipping
NOTICE:  table "_fb_wal_events" does not exist, skipping
NOTICE:  table "_fb_wal_relevant_commits" does not exist, skipping
NOTICE:  schema "pg_temp" does not exist, skipping
NOTICE:  table "_fb_wal_lock_ids" does not exist, skipping
NOTICE:  table "_fb_wal_batch" does not exist, skipping
NOTICE:  table "_fb_wal_commits" does not exist, skipping
NOTICE:  table "_fb_wal_events" does not exist, skipping
NOTICE:  table "_fb_wal_relevant_commits" does not exist, skipping
NOTICE:  schema "pg_temp" does not exist, skipping
NOTICE:  table "_fb_wal_lock_ids" does not exist, skipping
NOTICE:  table "_fb_wal_batch" does not exist, skipping
NOTICE:  table "_fb_wal_commits" does not exist, skipping
NOTICE:  table "_fb_wal_events" does not exist, skipping
NOTICE:  table "_fb_wal_relevant_commits" does not exist, skipping
NOTICE:  schema "pg_temp" does not exist, skipping
NOTICE:  table "_fb_wal_lock_ids" does not exist, skipping
NOTICE:  table "_fb_wal_batch" does not exist, skipping
NOTICE:  table "_fb_wal_commits" does not exist, skipping
NOTICE:  table "_fb_wal_events" does not exist, skipping
NOTICE:  table "_fb_wal_relevant_commits" does not exist, skipping
[exact-candidate-functional] 21:49:05 PASS[1]: local_dml
NOTICE:  schema "pg_temp" does not exist, skipping
NOTICE:  table "_fb_wal_lock_ids" does not exist, skipping
NOTICE:  table "_fb_wal_batch" does not exist, skipping
NOTICE:  table "_fb_wal_commits" does not exist, skipping
NOTICE:  table "_fb_wal_events" does not exist, skipping
NOTICE:  table "_fb_wal_relevant_commits" does not exist, skipping
NOTICE:  schema "pg_temp" does not exist, skipping
NOTICE:  table "_fb_wal_lock_ids" does not exist, skipping
NOTICE:  table "_fb_wal_batch" does not exist, skipping
NOTICE:  table "_fb_wal_commits" does not exist, skipping
NOTICE:  table "_fb_wal_events" does not exist, skipping
NOTICE:  table "_fb_wal_relevant_commits" does not exist, skipping
NOTICE:  schema "pg_temp" does not exist, skipping
NOTICE:  table "_fb_wal_lock_ids" does not exist, skipping
NOTICE:  table "_fb_wal_batch" does not exist, skipping
NOTICE:  table "_fb_wal_commits" does not exist, skipping
NOTICE:  table "_fb_wal_events" does not exist, skipping
NOTICE:  table "_fb_wal_relevant_commits" does not exist, skipping
NOTICE:  schema "pg_temp" does not exist, skipping
NOTICE:  table "_fb_wal_lock_ids" does not exist, skipping
NOTICE:  table "_fb_wal_batch" does not exist, skipping
NOTICE:  table "_fb_wal_commits" does not exist, skipping
NOTICE:  table "_fb_wal_events" does not exist, skipping
NOTICE:  table "_fb_wal_relevant_commits" does not exist, skipping
[exact-candidate-functional] 21:49:05 PASS[2]: local_drop_restore
NOTICE:  schema "pg_temp" does not exist, skipping
NOTICE:  table "_fb_wal_lock_ids" does not exist, skipping
NOTICE:  table "_fb_wal_batch" does not exist, skipping
NOTICE:  table "_fb_wal_commits" does not exist, skipping
NOTICE:  table "_fb_wal_events" does not exist, skipping
NOTICE:  table "_fb_wal_relevant_commits" does not exist, skipping
NOTICE:  schema "pg_temp" does not exist, skipping
NOTICE:  table "_fb_wal_lock_ids" does not exist, skipping
NOTICE:  table "_fb_wal_batch" does not exist, skipping
NOTICE:  table "_fb_wal_commits" does not exist, skipping
NOTICE:  table "_fb_wal_events" does not exist, skipping
NOTICE:  table "_fb_wal_relevant_commits" does not exist, skipping
[exact-candidate-functional] 21:49:05 PASS[3]: local_truncate_restore
NOTICE:  schema "pg_temp" does not exist, skipping
NOTICE:  table "_fb_wal_lock_ids" does not exist, skipping
NOTICE:  table "_fb_wal_batch" does not exist, skipping
NOTICE:  table "_fb_wal_commits" does not exist, skipping
NOTICE:  table "_fb_wal_events" does not exist, skipping
NOTICE:  table "_fb_wal_relevant_commits" does not exist, skipping
NOTICE:  schema "pg_temp" does not exist, skipping
NOTICE:  table "_fb_wal_lock_ids" does not exist, skipping
NOTICE:  table "_fb_wal_batch" does not exist, skipping
NOTICE:  table "_fb_wal_commits" does not exist, skipping
NOTICE:  table "_fb_wal_events" does not exist, skipping
NOTICE:  table "_fb_wal_relevant_commits" does not exist, skipping
NOTICE:  schema "pg_temp" does not exist, skipping
NOTICE:  table "_fb_wal_lock_ids" does not exist, skipping
NOTICE:  table "_fb_wal_batch" does not exist, skipping
NOTICE:  table "_fb_wal_commits" does not exist, skipping
NOTICE:  table "_fb_wal_events" does not exist, skipping
NOTICE:  table "_fb_wal_relevant_commits" does not exist, skipping
[exact-candidate-functional] 21:49:06 PASS[4]: local_alter_restore
NOTICE:  schema "pg_temp" does not exist, skipping
NOTICE:  table "_fb_wal_lock_ids" does not exist, skipping
NOTICE:  table "_fb_wal_batch" does not exist, skipping
NOTICE:  table "_fb_wal_commits" does not exist, skipping
NOTICE:  table "_fb_wal_events" does not exist, skipping
NOTICE:  table "_fb_wal_relevant_commits" does not exist, skipping
NOTICE:  schema "pg_temp" does not exist, skipping
NOTICE:  table "_fb_wal_lock_ids" does not exist, skipping
NOTICE:  table "_fb_wal_batch" does not exist, skipping
NOTICE:  table "_fb_wal_commits" does not exist, skipping
NOTICE:  table "_fb_wal_events" does not exist, skipping
NOTICE:  table "_fb_wal_relevant_commits" does not exist, skipping
NOTICE:  schema "pg_temp" does not exist, skipping
NOTICE:  table "_fb_wal_lock_ids" does not exist, skipping
NOTICE:  table "_fb_wal_batch" does not exist, skipping
NOTICE:  table "_fb_wal_commits" does not exist, skipping
NOTICE:  table "_fb_wal_events" does not exist, skipping
NOTICE:  table "_fb_wal_relevant_commits" does not exist, skipping
[exact-candidate-functional] 21:49:06 PASS[5]: local_quoted_toast
2026-07-23 21:49:06.478 P00   INFO: backup command begin 2.53.1: --compress-type=none --config=/home/caghan.linux/table-restore/pg_flashback/target/exact-candidate-functional/runs/20260723T184903Z-70081/pgbackrest.conf --exec-id=70554-64d5236f --no-expire-auto --log-level-console=info --log-level-file=detail --log-path=/home/caghan.linux/table-restore/pg_flashback/target/exact-candidate-functional/runs/20260723T184903Z-70081/log --pg1-path=/home/caghan.linux/table-restore/pg_flashback/target/exact-candidate-functional/runs/20260723T184903Z-70081/primary --pg1-port=45081 --pg1-socket-path=/tmp/pgfb-func-20260723T184903Z-70081 --no-repo1-block --no-repo1-bundle --repo1-hardlink --repo1-path=/home/caghan.linux/table-restore/pg_flashback/target/exact-candidate-functional/runs/20260723T184903Z-70081/repo --repo1-retention-full=99 --stanza=exact_func --start-fast --type=full
2026-07-23 21:49:07.193 P00   INFO: execute non-exclusive backup start: backup begins after the requested immediate checkpoint completes
2026-07-23 21:49:07.599 P00   INFO: backup start archive = 00000001000000000000000B, lsn = 0/B000028
2026-07-23 21:49:07.599 P00   INFO: check archive for prior segment 00000001000000000000000A
2026-07-23 21:49:08.983 P00   INFO: execute non-exclusive backup stop and wait for all WAL segments to archive
2026-07-23 21:49:09.186 P00   INFO: backup stop archive = 00000001000000000000000C, lsn = 0/C000748
2026-07-23 21:49:09.189 P00   INFO: check archive for segment(s) 00000001000000000000000B:00000001000000000000000C
2026-07-23 21:49:09.203 P00   INFO: new backup label = 20260723-214907F
2026-07-23 21:49:09.227 P00   INFO: full backup size = 33.6MB, file total = 1485
2026-07-23 21:49:09.228 P00   INFO: backup command end: completed successfully (2751ms)
[exact-candidate-functional] 21:49:09 FULL0=20260723-214907F stop=0/C000748
NOTICE:  schema "pg_temp" does not exist, skipping
NOTICE:  table "_fb_wal_lock_ids" does not exist, skipping
NOTICE:  table "_fb_wal_batch" does not exist, skipping
NOTICE:  table "_fb_wal_commits" does not exist, skipping
NOTICE:  table "_fb_wal_events" does not exist, skipping
NOTICE:  table "_fb_wal_relevant_commits" does not exist, skipping
[exact-candidate-functional] 21:49:11 PASS[6]: backup_retained_activation
2026-07-23 21:49:13.540 P00   INFO: backup command begin 2.53.1: --compress-type=none --config=/home/caghan.linux/table-restore/pg_flashback/target/exact-candidate-functional/runs/20260723T184903Z-70081/pgbackrest.conf --exec-id=70654-a34ba7a4 --no-expire-auto --log-level-console=info --log-level-file=detail --log-path=/home/caghan.linux/table-restore/pg_flashback/target/exact-candidate-functional/runs/20260723T184903Z-70081/log --pg1-path=/home/caghan.linux/table-restore/pg_flashback/target/exact-candidate-functional/runs/20260723T184903Z-70081/primary --pg1-port=45081 --pg1-socket-path=/tmp/pgfb-func-20260723T184903Z-70081 --no-repo1-block --no-repo1-bundle --repo1-hardlink --repo1-path=/home/caghan.linux/table-restore/pg_flashback/target/exact-candidate-functional/runs/20260723T184903Z-70081/repo --repo1-retention-full=99 --stanza=exact_func --start-fast --type=full
2026-07-23 21:49:14.275 P00   INFO: execute non-exclusive backup start: backup begins after the requested immediate checkpoint completes
2026-07-23 21:49:14.678 P00   INFO: backup start archive = 000000010000000000000014, lsn = 0/14000028
2026-07-23 21:49:14.678 P00   INFO: check archive for prior segment 000000010000000000000013
2026-07-23 21:49:16.041 P00   INFO: execute non-exclusive backup stop and wait for all WAL segments to archive
2026-07-23 21:49:16.249 P00   INFO: backup stop archive = 000000010000000000000015, lsn = 0/15000688
2026-07-23 21:49:16.251 P00   INFO: check archive for segment(s) 000000010000000000000014:000000010000000000000015
2026-07-23 21:49:16.261 P00   INFO: new backup label = 20260723-214914F
2026-07-23 21:49:16.280 P00   INFO: full backup size = 33.8MB, file total = 1486
2026-07-23 21:49:16.280 P00   INFO: backup command end: completed successfully (2742ms)
[exact-candidate-functional] 21:49:16 FULL2=20260723-214914F
[exact-candidate-functional] 21:49:16 PASS[7]: backup_reconcile_expire
[exact-candidate-functional] 21:49:17 PASS[8]: backup_drop_restore
[exact-candidate-functional] 21:49:17 functional suite passed (8 cases)
[exact-candidate-functional] 21:49:17 result: /home/caghan.linux/table-restore/pg_flashback/target/exact-candidate-functional/results/exact-candidate-functional-20260723T184903Z-70081.json
[exact-wal-matrix] 21:49:17 passed: functional_suite
[exact-wal-matrix] 21:49:17 running drop_qualification: env CANDIDATE_DIR=/home/caghan.linux/table-restore/pg_flashback/target/candidate/722dabfe3d40a152a0308148f0fe12c794f6f49d /home/caghan.linux/table-restore/pg_flashback/scripts/run_exact_candidate_drop_qualification.sh
2026-07-23 21:49:17.698 P00   INFO: stanza-create command begin 2.53.1: --config=/home/caghan.linux/table-restore/pg_flashback/target/exact-candidate-drop/runs/20260723T184917Z-70840/pgbackrest.conf --exec-id=70997-3c558b24 --log-level-console=info --log-level-file=detail --log-path=/home/caghan.linux/table-restore/pg_flashback/target/exact-candidate-drop/runs/20260723T184917Z-70840/log --pg1-path=/home/caghan.linux/table-restore/pg_flashback/target/exact-candidate-drop/runs/20260723T184917Z-70840/primary --pg1-port=49840 --pg1-socket-path=/tmp/pgfb-drop-20260723T184917Z-70840 --repo1-path=/home/caghan.linux/table-restore/pg_flashback/target/exact-candidate-drop/runs/20260723T184917Z-70840/repo --stanza=drop_qualification
2026-07-23 21:49:18.311 P00   INFO: stanza-create for stanza 'drop_qualification' on repo1
2026-07-23 21:49:18.319 P00   INFO: stanza-create command end: completed successfully (622ms)
[exact-candidate-drop] 21:49:18 starting repeated local DROP matrix: 100 iterations
NOTICE:  pg_flashback: created logical replication slot pg_flashback_dropdb
NOTICE:  schema "pg_temp" does not exist, skipping
NOTICE:  table "_fb_wal_lock_ids" does not exist, skipping
NOTICE:  table "_fb_wal_batch" does not exist, skipping
NOTICE:  table "_fb_wal_commits" does not exist, skipping
NOTICE:  table "_fb_wal_events" does not exist, skipping
NOTICE:  table "_fb_wal_relevant_commits" does not exist, skipping
NOTICE:  schema "pg_temp" does not exist, skipping
NOTICE:  table "_fb_wal_lock_ids" does not exist, skipping
NOTICE:  table "_fb_wal_batch" does not exist, skipping
NOTICE:  table "_fb_wal_commits" does not exist, skipping
NOTICE:  table "_fb_wal_events" does not exist, skipping
NOTICE:  table "_fb_wal_relevant_commits" does not exist, skipping
NOTICE:  schema "pg_temp" does not exist, skipping
NOTICE:  table "_fb_wal_lock_ids" does not exist, skipping
NOTICE:  table "_fb_wal_batch" does not exist, skipping
NOTICE:  table "_fb_wal_commits" does not exist, skipping
NOTICE:  table "_fb_wal_events" does not exist, skipping
NOTICE:  table "_fb_wal_relevant_commits" does not exist, skipping
NOTICE:  schema "pg_temp" does not exist, skipping
NOTICE:  table "_fb_wal_lock_ids" does not exist, skipping
NOTICE:  table "_fb_wal_batch" does not exist, skipping
NOTICE:  table "_fb_wal_commits" does not exist, skipping
NOTICE:  table "_fb_wal_events" does not exist, skipping
NOTICE:  table "_fb_wal_relevant_commits" does not exist, skipping
NOTICE:  schema "pg_temp" does not exist, skipping
NOTICE:  table "_fb_wal_lock_ids" does not exist, skipping
NOTICE:  table "_fb_wal_batch" does not exist, skipping
NOTICE:  table "_fb_wal_commits" does not exist, skipping
NOTICE:  table "_fb_wal_events" does not exist, skipping
NOTICE:  table "_fb_wal_relevant_commits" does not exist, skipping
NOTICE:  schema "pg_temp" does not exist, skipping
NOTICE:  table "_fb_wal_lock_ids" does not exist, skipping
NOTICE:  table "_fb_wal_batch" does not exist, skipping
NOTICE:  table "_fb_wal_commits" does not exist, skipping
NOTICE:  table "_fb_wal_events" does not exist, skipping
NOTICE:  table "_fb_wal_relevant_commits" does not exist, skipping
NOTICE:  schema "pg_temp" does not exist, skipping
NOTICE:  table "_fb_wal_lock_ids" does not exist, skipping
NOTICE:  table "_fb_wal_batch" does not exist, skipping
NOTICE:  table "_fb_wal_commits" does not exist, skipping
NOTICE:  table "_fb_wal_events" does not exist, skipping
NOTICE:  table "_fb_wal_relevant_commits" does not exist, skipping
NOTICE:  schema "pg_temp" does not exist, skipping
NOTICE:  table "_fb_wal_lock_ids" does not exist, skipping
NOTICE:  table "_fb_wal_batch" does not exist, skipping
NOTICE:  table "_fb_wal_commits" does not exist, skipping
NOTICE:  table "_fb_wal_events" does not exist, skipping
NOTICE:  table "_fb_wal_relevant_commits" does not exist, skipping
NOTICE:  schema "pg_temp" does not exist, skipping
NOTICE:  table "_fb_wal_lock_ids" does not exist, skipping
NOTICE:  table "_fb_wal_batch" does not exist, skipping
NOTICE:  table "_fb_wal_commits" does not exist, skipping
NOTICE:  table "_fb_wal_events" does not exist, skipping
NOTICE:  table "_fb_wal_relevant_commits" does not exist, skipping
NOTICE:  schema "pg_temp" does not exist, skipping
NOTICE:  table "_fb_wal_lock_ids" does not exist, skipping
NOTICE:  table "_fb_wal_batch" does not exist, skipping
NOTICE:  table "_fb_wal_commits" does not exist, skipping
NOTICE:  table "_fb_wal_events" does not exist, skipping
NOTICE:  table "_fb_wal_relevant_commits" does not exist, skipping
NOTICE:  schema "pg_temp" does not exist, skipping
NOTICE:  table "_fb_wal_lock_ids" does not exist, skipping
NOTICE:  table "_fb_wal_batch" does not exist, skipping
NOTICE:  table "_fb_wal_commits" does not exist, skipping
NOTICE:  table "_fb_wal_events" does not exist, skipping
NOTICE:  table "_fb_wal_relevant_commits" does not exist, skipping
NOTICE:  schema "pg_temp" does not exist, skipping
NOTICE:  table "_fb_wal_lock_ids" does not exist, skipping
NOTICE:  table "_fb_wal_batch" does not exist, skipping
NOTICE:  table "_fb_wal_commits" does not exist, skipping
NOTICE:  table "_fb_wal_events" does not exist, skipping
NOTICE:  table "_fb_wal_relevant_commits" does not exist, skipping
NOTICE:  schema "pg_temp" does not exist, skipping
NOTICE:  table "_fb_wal_lock_ids" does not exist, skipping
NOTICE:  table "_fb_wal_batch" does not exist, skipping
NOTICE:  table "_fb_wal_commits" does not exist, skipping
NOTICE:  table "_fb_wal_events" does not exist, skipping
NOTICE:  table "_fb_wal_relevant_commits" does not exist, skipping
NOTICE:  schema "pg_temp" does not exist, skipping
NOTICE:  table "_fb_wal_lock_ids" does not exist, skipping
NOTICE:  table "_fb_wal_batch" does not exist, skipping
NOTICE:  table "_fb_wal_commits" does not exist, skipping
NOTICE:  table "_fb_wal_events" does not exist, skipping
NOTICE:  table "_fb_wal_relevant_commits" does not exist, skipping
NOTICE:  schema "pg_temp" does not exist, skipping
NOTICE:  table "_fb_wal_lock_ids" does not exist, skipping
NOTICE:  table "_fb_wal_batch" does not exist, skipping
NOTICE:  table "_fb_wal_commits" does not exist, skipping
NOTICE:  table "_fb_wal_events" does not exist, skipping
NOTICE:  table "_fb_wal_relevant_commits" does not exist, skipping
NOTICE:  schema "pg_temp" does not exist, skipping
NOTICE:  table "_fb_wal_lock_ids" does not exist, skipping
NOTICE:  table "_fb_wal_batch" does not exist, skipping
NOTICE:  table "_fb_wal_commits" does not exist, skipping
NOTICE:  table "_fb_wal_events" does not exist, skipping
NOTICE:  table "_fb_wal_relevant_commits" does not exist, skipping
NOTICE:  schema "pg_temp" does not exist, skipping
NOTICE:  table "_fb_wal_lock_ids" does not exist, skipping
NOTICE:  table "_fb_wal_batch" does not exist, skipping
NOTICE:  table "_fb_wal_commits" does not exist, skipping
NOTICE:  table "_fb_wal_events" does not exist, skipping
NOTICE:  table "_fb_wal_relevant_commits" does not exist, skipping
NOTICE:  schema "pg_temp" does not exist, skipping
NOTICE:  table "_fb_wal_lock_ids" does not exist, skipping
NOTICE:  table "_fb_wal_batch" does not exist, skipping
NOTICE:  table "_fb_wal_commits" does not exist, skipping
NOTICE:  table "_fb_wal_events" does not exist, skipping
NOTICE:  table "_fb_wal_relevant_commits" does not exist, skipping
NOTICE:  schema "pg_temp" does not exist, skipping
NOTICE:  table "_fb_wal_lock_ids" does not exist, skipping
NOTICE:  table "_fb_wal_batch" does not exist, skipping
NOTICE:  table "_fb_wal_commits" does not exist, skipping
NOTICE:  table "_fb_wal_events" does not exist, skipping
NOTICE:  table "_fb_wal_relevant_commits" does not exist, skipping
NOTICE:  schema "pg_temp" does not exist, skipping
NOTICE:  table "_fb_wal_lock_ids" does not exist, skipping
NOTICE:  table "_fb_wal_batch" does not exist, skipping
NOTICE:  table "_fb_wal_commits" does not exist, skipping
NOTICE:  table "_fb_wal_events" does not exist, skipping
NOTICE:  table "_fb_wal_relevant_commits" does not exist, skipping
NOTICE:  schema "pg_temp" does not exist, skipping
NOTICE:  table "_fb_wal_lock_ids" does not exist, skipping
NOTICE:  table "_fb_wal_batch" does not exist, skipping
NOTICE:  table "_fb_wal_commits" does not exist, skipping
NOTICE:  table "_fb_wal_events" does not exist, skipping
NOTICE:  table "_fb_wal_relevant_commits" does not exist, skipping
NOTICE:  schema "pg_temp" does not exist, skipping
NOTICE:  table "_fb_wal_lock_ids" does not exist, skipping
NOTICE:  table "_fb_wal_batch" does not exist, skipping
NOTICE:  table "_fb_wal_commits" does not exist, skipping
NOTICE:  table "_fb_wal_events" does not exist, skipping
NOTICE:  table "_fb_wal_relevant_commits" does not exist, skipping
NOTICE:  schema "pg_temp" does not exist, skipping
NOTICE:  table "_fb_wal_lock_ids" does not exist, skipping
NOTICE:  table "_fb_wal_batch" does not exist, skipping
NOTICE:  table "_fb_wal_commits" does not exist, skipping
NOTICE:  table "_fb_wal_events" does not exist, skipping
NOTICE:  table "_fb_wal_relevant_commits" does not exist, skipping
NOTICE:  schema "pg_temp" does not exist, skipping
NOTICE:  table "_fb_wal_lock_ids" does not exist, skipping
NOTICE:  table "_fb_wal_batch" does not exist, skipping
NOTICE:  table "_fb_wal_commits" does not exist, skipping
NOTICE:  table "_fb_wal_events" does not exist, skipping
NOTICE:  table "_fb_wal_relevant_commits" does not exist, skipping
NOTICE:  schema "pg_temp" does not exist, skipping
NOTICE:  table "_fb_wal_lock_ids" does not exist, skipping
NOTICE:  table "_fb_wal_batch" does not exist, skipping
NOTICE:  table "_fb_wal_commits" does not exist, skipping
NOTICE:  table "_fb_wal_events" does not exist, skipping
NOTICE:  table "_fb_wal_relevant_commits" does not exist, skipping
NOTICE:  schema "pg_temp" does not exist, skipping
NOTICE:  table "_fb_wal_lock_ids" does not exist, skipping
NOTICE:  table "_fb_wal_batch" does not exist, skipping
NOTICE:  table "_fb_wal_commits" does not exist, skipping
NOTICE:  table "_fb_wal_events" does not exist, skipping
NOTICE:  table "_fb_wal_relevant_commits" does not exist, skipping
NOTICE:  schema "pg_temp" does not exist, skipping
NOTICE:  table "_fb_wal_lock_ids" does not exist, skipping
NOTICE:  table "_fb_wal_batch" does not exist, skipping
NOTICE:  table "_fb_wal_commits" does not exist, skipping
NOTICE:  table "_fb_wal_events" does not exist, skipping
NOTICE:  table "_fb_wal_relevant_commits" does not exist, skipping
NOTICE:  schema "pg_temp" does not exist, skipping
NOTICE:  table "_fb_wal_lock_ids" does not exist, skipping
NOTICE:  table "_fb_wal_batch" does not exist, skipping
NOTICE:  table "_fb_wal_commits" does not exist, skipping
NOTICE:  table "_fb_wal_events" does not exist, skipping
NOTICE:  table "_fb_wal_relevant_commits" does not exist, skipping
NOTICE:  schema "pg_temp" does not exist, skipping
NOTICE:  table "_fb_wal_lock_ids" does not exist, skipping
NOTICE:  table "_fb_wal_batch" does not exist, skipping
NOTICE:  table "_fb_wal_commits" does not exist, skipping
NOTICE:  table "_fb_wal_events" does not exist, skipping
NOTICE:  table "_fb_wal_relevant_commits" does not exist, skipping
NOTICE:  schema "pg_temp" does not exist, skipping
NOTICE:  table "_fb_wal_lock_ids" does not exist, skipping
NOTICE:  table "_fb_wal_batch" does not exist, skipping
NOTICE:  table "_fb_wal_commits" does not exist, skipping
NOTICE:  table "_fb_wal_events" does not exist, skipping
NOTICE:  table "_fb_wal_relevant_commits" does not exist, skipping
[exact-candidate-drop] 21:49:21 repeated DROP progress 10/100
NOTICE:  schema "pg_temp" does not exist, skipping
NOTICE:  table "_fb_wal_lock_ids" does not exist, skipping
NOTICE:  table "_fb_wal_batch" does not exist, skipping
NOTICE:  table "_fb_wal_commits" does not exist, skipping
NOTICE:  table "_fb_wal_events" does not exist, skipping
NOTICE:  table "_fb_wal_relevant_commits" does not exist, skipping
NOTICE:  schema "pg_temp" does not exist, skipping
NOTICE:  table "_fb_wal_lock_ids" does not exist, skipping
NOTICE:  table "_fb_wal_batch" does not exist, skipping
NOTICE:  table "_fb_wal_commits" does not exist, skipping
NOTICE:  table "_fb_wal_events" does not exist, skipping
NOTICE:  table "_fb_wal_relevant_commits" does not exist, skipping
NOTICE:  schema "pg_temp" does not exist, skipping
NOTICE:  table "_fb_wal_lock_ids" does not exist, skipping
NOTICE:  table "_fb_wal_batch" does not exist, skipping
NOTICE:  table "_fb_wal_commits" does not exist, skipping
NOTICE:  table "_fb_wal_events" does not exist, skipping
NOTICE:  table "_fb_wal_relevant_commits" does not exist, skipping
NOTICE:  schema "pg_temp" does not exist, skipping
NOTICE:  table "_fb_wal_lock_ids" does not exist, skipping
NOTICE:  table "_fb_wal_batch" does not exist, skipping
NOTICE:  table "_fb_wal_commits" does not exist, skipping
NOTICE:  table "_fb_wal_events" does not exist, skipping
NOTICE:  table "_fb_wal_relevant_commits" does not exist, skipping
NOTICE:  schema "pg_temp" does not exist, skipping
NOTICE:  table "_fb_wal_lock_ids" does not exist, skipping
NOTICE:  table "_fb_wal_batch" does not exist, skipping
NOTICE:  table "_fb_wal_commits" does not exist, skipping
NOTICE:  table "_fb_wal_events" does not exist, skipping
NOTICE:  table "_fb_wal_relevant_commits" does not exist, skipping
NOTICE:  schema "pg_temp" does not exist, skipping
NOTICE:  table "_fb_wal_lock_ids" does not exist, skipping
NOTICE:  table "_fb_wal_batch" does not exist, skipping
NOTICE:  table "_fb_wal_commits" does not exist, skipping
NOTICE:  table "_fb_wal_events" does not exist, skipping
NOTICE:  table "_fb_wal_relevant_commits" does not exist, skipping
NOTICE:  schema "pg_temp" does not exist, skipping
NOTICE:  table "_fb_wal_lock_ids" does not exist, skipping
NOTICE:  table "_fb_wal_batch" does not exist, skipping
NOTICE:  table "_fb_wal_commits" does not exist, skipping
NOTICE:  table "_fb_wal_events" does not exist, skipping
NOTICE:  table "_fb_wal_relevant_commits" does not exist, skipping
NOTICE:  schema "pg_temp" does not exist, skipping
NOTICE:  table "_fb_wal_lock_ids" does not exist, skipping
NOTICE:  table "_fb_wal_batch" does not exist, skipping
NOTICE:  table "_fb_wal_commits" does not exist, skipping
NOTICE:  table "_fb_wal_events" does not exist, skipping
NOTICE:  table "_fb_wal_relevant_commits" does not exist, skipping
NOTICE:  schema "pg_temp" does not exist, skipping
NOTICE:  table "_fb_wal_lock_ids" does not exist, skipping
NOTICE:  table "_fb_wal_batch" does not exist, skipping
NOTICE:  table "_fb_wal_commits" does not exist, skipping
NOTICE:  table "_fb_wal_events" does not exist, skipping
NOTICE:  table "_fb_wal_relevant_commits" does not exist, skipping
NOTICE:  schema "pg_temp" does not exist, skipping
NOTICE:  table "_fb_wal_lock_ids" does not exist, skipping
NOTICE:  table "_fb_wal_batch" does not exist, skipping
NOTICE:  table "_fb_wal_commits" does not exist, skipping
NOTICE:  table "_fb_wal_events" does not exist, skipping
NOTICE:  table "_fb_wal_relevant_commits" does not exist, skipping
NOTICE:  schema "pg_temp" does not exist, skipping
NOTICE:  table "_fb_wal_lock_ids" does not exist, skipping
NOTICE:  table "_fb_wal_batch" does not exist, skipping
NOTICE:  table "_fb_wal_commits" does not exist, skipping
NOTICE:  table "_fb_wal_events" does not exist, skipping
NOTICE:  table "_fb_wal_relevant_commits" does not exist, skipping
NOTICE:  schema "pg_temp" does not exist, skipping
NOTICE:  table "_fb_wal_lock_ids" does not exist, skipping
NOTICE:  table "_fb_wal_batch" does not exist, skipping
NOTICE:  table "_fb_wal_commits" does not exist, skipping
NOTICE:  table "_fb_wal_events" does not exist, skipping
NOTICE:  table "_fb_wal_relevant_commits" does not exist, skipping
NOTICE:  schema "pg_temp" does not exist, skipping
NOTICE:  table "_fb_wal_lock_ids" does not exist, skipping
NOTICE:  table "_fb_wal_batch" does not exist, skipping
NOTICE:  table "_fb_wal_commits" does not exist, skipping
NOTICE:  table "_fb_wal_events" does not exist, skipping
NOTICE:  table "_fb_wal_relevant_commits" does not exist, skipping
NOTICE:  schema "pg_temp" does not exist, skipping
NOTICE:  table "_fb_wal_lock_ids" does not exist, skipping
NOTICE:  table "_fb_wal_batch" does not exist, skipping
NOTICE:  table "_fb_wal_commits" does not exist, skipping
NOTICE:  table "_fb_wal_events" does not exist, skipping
NOTICE:  table "_fb_wal_relevant_commits" does not exist, skipping
NOTICE:  schema "pg_temp" does not exist, skipping
NOTICE:  table "_fb_wal_lock_ids" does not exist, skipping
NOTICE:  table "_fb_wal_batch" does not exist, skipping
NOTICE:  table "_fb_wal_commits" does not exist, skipping
NOTICE:  table "_fb_wal_events" does not exist, skipping
NOTICE:  table "_fb_wal_relevant_commits" does not exist, skipping
NOTICE:  schema "pg_temp" does not exist, skipping
NOTICE:  table "_fb_wal_lock_ids" does not exist, skipping
NOTICE:  table "_fb_wal_batch" does not exist, skipping
NOTICE:  table "_fb_wal_commits" does not exist, skipping
NOTICE:  table "_fb_wal_events" does not exist, skipping
NOTICE:  table "_fb_wal_relevant_commits" does not exist, skipping
NOTICE:  schema "pg_temp" does not exist, skipping
NOTICE:  table "_fb_wal_lock_ids" does not exist, skipping
NOTICE:  table "_fb_wal_batch" does not exist, skipping
NOTICE:  table "_fb_wal_commits" does not exist, skipping
NOTICE:  table "_fb_wal_events" does not exist, skipping
NOTICE:  table "_fb_wal_relevant_commits" does not exist, skipping
NOTICE:  schema "pg_temp" does not exist, skipping
NOTICE:  table "_fb_wal_lock_ids" does not exist, skipping
NOTICE:  table "_fb_wal_batch" does not exist, skipping
NOTICE:  table "_fb_wal_commits" does not exist, skipping
NOTICE:  table "_fb_wal_events" does not exist, skipping
NOTICE:  table "_fb_wal_relevant_commits" does not exist, skipping
NOTICE:  schema "pg_temp" does not exist, skipping
NOTICE:  table "_fb_wal_lock_ids" does not exist, skipping
NOTICE:  table "_fb_wal_batch" does not exist, skipping
NOTICE:  table "_fb_wal_commits" does not exist, skipping
NOTICE:  table "_fb_wal_events" does not exist, skipping
NOTICE:  table "_fb_wal_relevant_commits" does not exist, skipping
NOTICE:  schema "pg_temp" does not exist, skipping
NOTICE:  table "_fb_wal_lock_ids" does not exist, skipping
NOTICE:  table "_fb_wal_batch" does not exist, skipping
NOTICE:  table "_fb_wal_commits" does not exist, skipping
NOTICE:  table "_fb_wal_events" does not exist, skipping
NOTICE:  table "_fb_wal_relevant_commits" does not exist, skipping
NOTICE:  schema "pg_temp" does not exist, skipping
NOTICE:  table "_fb_wal_lock_ids" does not exist, skipping
NOTICE:  table "_fb_wal_batch" does not exist, skipping
NOTICE:  table "_fb_wal_commits" does not exist, skipping
NOTICE:  table "_fb_wal_events" does not exist, skipping
NOTICE:  table "_fb_wal_relevant_commits" does not exist, skipping
NOTICE:  schema "pg_temp" does not exist, skipping
NOTICE:  table "_fb_wal_lock_ids" does not exist, skipping
NOTICE:  table "_fb_wal_batch" does not exist, skipping
NOTICE:  table "_fb_wal_commits" does not exist, skipping
NOTICE:  table "_fb_wal_events" does not exist, skipping
NOTICE:  table "_fb_wal_relevant_commits" does not exist, skipping
NOTICE:  schema "pg_temp" does not exist, skipping
NOTICE:  table "_fb_wal_lock_ids" does not exist, skipping
NOTICE:  table "_fb_wal_batch" does not exist, skipping
NOTICE:  table "_fb_wal_commits" does not exist, skipping
NOTICE:  table "_fb_wal_events" does not exist, skipping
NOTICE:  table "_fb_wal_relevant_commits" does not exist, skipping
NOTICE:  schema "pg_temp" does not exist, skipping
NOTICE:  table "_fb_wal_lock_ids" does not exist, skipping
NOTICE:  table "_fb_wal_batch" does not exist, skipping
NOTICE:  table "_fb_wal_commits" does not exist, skipping
NOTICE:  table "_fb_wal_events" does not exist, skipping
NOTICE:  table "_fb_wal_relevant_commits" does not exist, skipping
NOTICE:  schema "pg_temp" does not exist, skipping
NOTICE:  table "_fb_wal_lock_ids" does not exist, skipping
NOTICE:  table "_fb_wal_batch" does not exist, skipping
NOTICE:  table "_fb_wal_commits" does not exist, skipping
NOTICE:  table "_fb_wal_events" does not exist, skipping
NOTICE:  table "_fb_wal_relevant_commits" does not exist, skipping
NOTICE:  schema "pg_temp" does not exist, skipping
NOTICE:  table "_fb_wal_lock_ids" does not exist, skipping
NOTICE:  table "_fb_wal_batch" does not exist, skipping
NOTICE:  table "_fb_wal_commits" does not exist, skipping
NOTICE:  table "_fb_wal_events" does not exist, skipping
NOTICE:  table "_fb_wal_relevant_commits" does not exist, skipping
NOTICE:  schema "pg_temp" does not exist, skipping
NOTICE:  table "_fb_wal_lock_ids" does not exist, skipping
NOTICE:  table "_fb_wal_batch" does not exist, skipping
NOTICE:  table "_fb_wal_commits" does not exist, skipping
NOTICE:  table "_fb_wal_events" does not exist, skipping
NOTICE:  table "_fb_wal_relevant_commits" does not exist, skipping
NOTICE:  schema "pg_temp" does not exist, skipping
NOTICE:  table "_fb_wal_lock_ids" does not exist, skipping
NOTICE:  table "_fb_wal_batch" does not exist, skipping
NOTICE:  table "_fb_wal_commits" does not exist, skipping
NOTICE:  table "_fb_wal_events" does not exist, skipping
NOTICE:  table "_fb_wal_relevant_commits" does not exist, skipping
NOTICE:  schema "pg_temp" does not exist, skipping
NOTICE:  table "_fb_wal_lock_ids" does not exist, skipping
NOTICE:  table "_fb_wal_batch" does not exist, skipping
NOTICE:  table "_fb_wal_commits" does not exist, skipping
NOTICE:  table "_fb_wal_events" does not exist, skipping
NOTICE:  table "_fb_wal_relevant_commits" does not exist, skipping
NOTICE:  schema "pg_temp" does not exist, skipping
NOTICE:  table "_fb_wal_lock_ids" does not exist, skipping
NOTICE:  table "_fb_wal_batch" does not exist, skipping
NOTICE:  table "_fb_wal_commits" does not exist, skipping
NOTICE:  table "_fb_wal_events" does not exist, skipping
NOTICE:  table "_fb_wal_relevant_commits" does not exist, skipping
[exact-candidate-drop] 21:49:24 repeated DROP progress 20/100
NOTICE:  schema "pg_temp" does not exist, skipping
NOTICE:  table "_fb_wal_lock_ids" does not exist, skipping
NOTICE:  table "_fb_wal_batch" does not exist, skipping
NOTICE:  table "_fb_wal_commits" does not exist, skipping
NOTICE:  table "_fb_wal_events" does not exist, skipping
NOTICE:  table "_fb_wal_relevant_commits" does not exist, skipping
NOTICE:  schema "pg_temp" does not exist, skipping
NOTICE:  table "_fb_wal_lock_ids" does not exist, skipping
NOTICE:  table "_fb_wal_batch" does not exist, skipping
NOTICE:  table "_fb_wal_commits" does not exist, skipping
NOTICE:  table "_fb_wal_events" does not exist, skipping
NOTICE:  table "_fb_wal_relevant_commits" does not exist, skipping
NOTICE:  schema "pg_temp" does not exist, skipping
NOTICE:  table "_fb_wal_lock_ids" does not exist, skipping
NOTICE:  table "_fb_wal_batch" does not exist, skipping
NOTICE:  table "_fb_wal_commits" does not exist, skipping
NOTICE:  table "_fb_wal_events" does not exist, skipping
NOTICE:  table "_fb_wal_relevant_commits" does not exist, skipping
NOTICE:  schema "pg_temp" does not exist, skipping
NOTICE:  table "_fb_wal_lock_ids" does not exist, skipping
NOTICE:  table "_fb_wal_batch" does not exist, skipping
NOTICE:  table "_fb_wal_commits" does not exist, skipping
NOTICE:  table "_fb_wal_events" does not exist, skipping
NOTICE:  table "_fb_wal_relevant_commits" does not exist, skipping
NOTICE:  schema "pg_temp" does not exist, skipping
NOTICE:  table "_fb_wal_lock_ids" does not exist, skipping
NOTICE:  table "_fb_wal_batch" does not exist, skipping
NOTICE:  table "_fb_wal_commits" does not exist, skipping
NOTICE:  table "_fb_wal_events" does not exist, skipping
NOTICE:  table "_fb_wal_relevant_commits" does not exist, skipping
NOTICE:  schema "pg_temp" does not exist, skipping
NOTICE:  table "_fb_wal_lock_ids" does not exist, skipping
NOTICE:  table "_fb_wal_batch" does not exist, skipping
NOTICE:  table "_fb_wal_commits" does not exist, skipping
NOTICE:  table "_fb_wal_events" does not exist, skipping
NOTICE:  table "_fb_wal_relevant_commits" does not exist, skipping
NOTICE:  schema "pg_temp" does not exist, skipping
NOTICE:  table "_fb_wal_lock_ids" does not exist, skipping
NOTICE:  table "_fb_wal_batch" does not exist, skipping
NOTICE:  table "_fb_wal_commits" does not exist, skipping
NOTICE:  table "_fb_wal_events" does not exist, skipping
NOTICE:  table "_fb_wal_relevant_commits" does not exist, skipping
NOTICE:  schema "pg_temp" does not exist, skipping
NOTICE:  table "_fb_wal_lock_ids" does not exist, skipping
NOTICE:  table "_fb_wal_batch" does not exist, skipping
NOTICE:  table "_fb_wal_commits" does not exist, skipping
NOTICE:  table "_fb_wal_events" does not exist, skipping
NOTICE:  table "_fb_wal_relevant_commits" does not exist, skipping
NOTICE:  schema "pg_temp" does not exist, skipping
NOTICE:  table "_fb_wal_lock_ids" does not exist, skipping
NOTICE:  table "_fb_wal_batch" does not exist, skipping
NOTICE:  table "_fb_wal_commits" does not exist, skipping
NOTICE:  table "_fb_wal_events" does not exist, skipping
NOTICE:  table "_fb_wal_relevant_commits" does not exist, skipping
NOTICE:  schema "pg_temp" does not exist, skipping
NOTICE:  table "_fb_wal_lock_ids" does not exist, skipping
NOTICE:  table "_fb_wal_batch" does not exist, skipping
NOTICE:  table "_fb_wal_commits" does not exist, skipping
NOTICE:  table "_fb_wal_events" does not exist, skipping
NOTICE:  table "_fb_wal_relevant_commits" does not exist, skipping
NOTICE:  schema "pg_temp" does not exist, skipping
NOTICE:  table "_fb_wal_lock_ids" does not exist, skipping
NOTICE:  table "_fb_wal_batch" does not exist, skipping
NOTICE:  table "_fb_wal_commits" does not exist, skipping
NOTICE:  table "_fb_wal_events" does not exist, skipping
NOTICE:  table "_fb_wal_relevant_commits" does not exist, skipping
NOTICE:  schema "pg_temp" does not exist, skipping
NOTICE:  table "_fb_wal_lock_ids" does not exist, skipping
NOTICE:  table "_fb_wal_batch" does not exist, skipping
NOTICE:  table "_fb_wal_commits" does not exist, skipping
NOTICE:  table "_fb_wal_events" does not exist, skipping
NOTICE:  table "_fb_wal_relevant_commits" does not exist, skipping
NOTICE:  schema "pg_temp" does not exist, skipping
NOTICE:  table "_fb_wal_lock_ids" does not exist, skipping
NOTICE:  table "_fb_wal_batch" does not exist, skipping
NOTICE:  table "_fb_wal_commits" does not exist, skipping
NOTICE:  table "_fb_wal_events" does not exist, skipping
NOTICE:  table "_fb_wal_relevant_commits" does not exist, skipping
NOTICE:  schema "pg_temp" does not exist, skipping
NOTICE:  table "_fb_wal_lock_ids" does not exist, skipping
NOTICE:  table "_fb_wal_batch" does not exist, skipping
NOTICE:  table "_fb_wal_commits" does not exist, skipping
NOTICE:  table "_fb_wal_events" does not exist, skipping
NOTICE:  table "_fb_wal_relevant_commits" does not exist, skipping
NOTICE:  schema "pg_temp" does not exist, skipping
NOTICE:  table "_fb_wal_lock_ids" does not exist, skipping
NOTICE:  table "_fb_wal_batch" does not exist, skipping
NOTICE:  table "_fb_wal_commits" does not exist, skipping
NOTICE:  table "_fb_wal_events" does not exist, skipping
NOTICE:  table "_fb_wal_relevant_commits" does not exist, skipping
NOTICE:  schema "pg_temp" does not exist, skipping
NOTICE:  table "_fb_wal_lock_ids" does not exist, skipping
NOTICE:  table "_fb_wal_batch" does not exist, skipping
NOTICE:  table "_fb_wal_commits" does not exist, skipping
NOTICE:  table "_fb_wal_events" does not exist, skipping
NOTICE:  table "_fb_wal_relevant_commits" does not exist, skipping
NOTICE:  schema "pg_temp" does not exist, skipping
NOTICE:  table "_fb_wal_lock_ids" does not exist, skipping
NOTICE:  table "_fb_wal_batch" does not exist, skipping
NOTICE:  table "_fb_wal_commits" does not exist, skipping
NOTICE:  table "_fb_wal_events" does not exist, skipping
NOTICE:  table "_fb_wal_relevant_commits" does not exist, skipping
NOTICE:  schema "pg_temp" does not exist, skipping
NOTICE:  table "_fb_wal_lock_ids" does not exist, skipping
NOTICE:  table "_fb_wal_batch" does not exist, skipping
NOTICE:  table "_fb_wal_commits" does not exist, skipping
NOTICE:  table "_fb_wal_events" does not exist, skipping
NOTICE:  table "_fb_wal_relevant_commits" does not exist, skipping
NOTICE:  schema "pg_temp" does not exist, skipping
NOTICE:  table "_fb_wal_lock_ids" does not exist, skipping
NOTICE:  table "_fb_wal_batch" does not exist, skipping
NOTICE:  table "_fb_wal_commits" does not exist, skipping
NOTICE:  table "_fb_wal_events" does not exist, skipping
NOTICE:  table "_fb_wal_relevant_commits" does not exist, skipping
NOTICE:  schema "pg_temp" does not exist, skipping
NOTICE:  table "_fb_wal_lock_ids" does not exist, skipping
NOTICE:  table "_fb_wal_batch" does not exist, skipping
NOTICE:  table "_fb_wal_commits" does not exist, skipping
NOTICE:  table "_fb_wal_events" does not exist, skipping
NOTICE:  table "_fb_wal_relevant_commits" does not exist, skipping
NOTICE:  schema "pg_temp" does not exist, skipping
NOTICE:  table "_fb_wal_lock_ids" does not exist, skipping
NOTICE:  table "_fb_wal_batch" does not exist, skipping
NOTICE:  table "_fb_wal_commits" does not exist, skipping
NOTICE:  table "_fb_wal_events" does not exist, skipping
NOTICE:  table "_fb_wal_relevant_commits" does not exist, skipping
NOTICE:  schema "pg_temp" does not exist, skipping
NOTICE:  table "_fb_wal_lock_ids" does not exist, skipping
NOTICE:  table "_fb_wal_batch" does not exist, skipping
NOTICE:  table "_fb_wal_commits" does not exist, skipping
NOTICE:  table "_fb_wal_events" does not exist, skipping
NOTICE:  table "_fb_wal_relevant_commits" does not exist, skipping
NOTICE:  schema "pg_temp" does not exist, skipping
NOTICE:  table "_fb_wal_lock_ids" does not exist, skipping
NOTICE:  table "_fb_wal_batch" does not exist, skipping
NOTICE:  table "_fb_wal_commits" does not exist, skipping
NOTICE:  table "_fb_wal_events" does not exist, skipping
NOTICE:  table "_fb_wal_relevant_commits" does not exist, skipping
NOTICE:  schema "pg_temp" does not exist, skipping
NOTICE:  table "_fb_wal_lock_ids" does not exist, skipping
NOTICE:  table "_fb_wal_batch" does not exist, skipping
NOTICE:  table "_fb_wal_commits" does not exist, skipping
NOTICE:  table "_fb_wal_events" does not exist, skipping
NOTICE:  table "_fb_wal_relevant_commits" does not exist, skipping
NOTICE:  schema "pg_temp" does not exist, skipping
NOTICE:  table "_fb_wal_lock_ids" does not exist, skipping
NOTICE:  table "_fb_wal_batch" does not exist, skipping
NOTICE:  table "_fb_wal_commits" does not exist, skipping
NOTICE:  table "_fb_wal_events" does not exist, skipping
NOTICE:  table "_fb_wal_relevant_commits" does not exist, skipping
NOTICE:  schema "pg_temp" does not exist, skipping
NOTICE:  table "_fb_wal_lock_ids" does not exist, skipping
NOTICE:  table "_fb_wal_batch" does not exist, skipping
NOTICE:  table "_fb_wal_commits" does not exist, skipping
NOTICE:  table "_fb_wal_events" does not exist, skipping
NOTICE:  table "_fb_wal_relevant_commits" does not exist, skipping
NOTICE:  schema "pg_temp" does not exist, skipping
NOTICE:  table "_fb_wal_lock_ids" does not exist, skipping
NOTICE:  table "_fb_wal_batch" does not exist, skipping
NOTICE:  table "_fb_wal_commits" does not exist, skipping
NOTICE:  table "_fb_wal_events" does not exist, skipping
NOTICE:  table "_fb_wal_relevant_commits" does not exist, skipping
NOTICE:  schema "pg_temp" does not exist, skipping
NOTICE:  table "_fb_wal_lock_ids" does not exist, skipping
NOTICE:  table "_fb_wal_batch" does not exist, skipping
NOTICE:  table "_fb_wal_commits" does not exist, skipping
NOTICE:  table "_fb_wal_events" does not exist, skipping
NOTICE:  table "_fb_wal_relevant_commits" does not exist, skipping
NOTICE:  schema "pg_temp" does not exist, skipping
NOTICE:  table "_fb_wal_lock_ids" does not exist, skipping
NOTICE:  table "_fb_wal_batch" does not exist, skipping
NOTICE:  table "_fb_wal_commits" does not exist, skipping
NOTICE:  table "_fb_wal_events" does not exist, skipping
NOTICE:  table "_fb_wal_relevant_commits" does not exist, skipping
NOTICE:  schema "pg_temp" does not exist, skipping
NOTICE:  table "_fb_wal_lock_ids" does not exist, skipping
NOTICE:  table "_fb_wal_batch" does not exist, skipping
NOTICE:  table "_fb_wal_commits" does not exist, skipping
NOTICE:  table "_fb_wal_events" does not exist, skipping
NOTICE:  table "_fb_wal_relevant_commits" does not exist, skipping
[exact-candidate-drop] 21:49:28 repeated DROP progress 30/100
NOTICE:  schema "pg_temp" does not exist, skipping
NOTICE:  table "_fb_wal_lock_ids" does not exist, skipping
NOTICE:  table "_fb_wal_batch" does not exist, skipping
NOTICE:  table "_fb_wal_commits" does not exist, skipping
NOTICE:  table "_fb_wal_events" does not exist, skipping
NOTICE:  table "_fb_wal_relevant_commits" does not exist, skipping
NOTICE:  schema "pg_temp" does not exist, skipping
NOTICE:  table "_fb_wal_lock_ids" does not exist, skipping
NOTICE:  table "_fb_wal_batch" does not exist, skipping
NOTICE:  table "_fb_wal_commits" does not exist, skipping
NOTICE:  table "_fb_wal_events" does not exist, skipping
NOTICE:  table "_fb_wal_relevant_commits" does not exist, skipping
NOTICE:  schema "pg_temp" does not exist, skipping
NOTICE:  table "_fb_wal_lock_ids" does not exist, skipping
NOTICE:  table "_fb_wal_batch" does not exist, skipping
NOTICE:  table "_fb_wal_commits" does not exist, skipping
NOTICE:  table "_fb_wal_events" does not exist, skipping
NOTICE:  table "_fb_wal_relevant_commits" does not exist, skipping
NOTICE:  schema "pg_temp" does not exist, skipping
NOTICE:  table "_fb_wal_lock_ids" does not exist, skipping
NOTICE:  table "_fb_wal_batch" does not exist, skipping
NOTICE:  table "_fb_wal_commits" does not exist, skipping
NOTICE:  table "_fb_wal_events" does not exist, skipping
NOTICE:  table "_fb_wal_relevant_commits" does not exist, skipping
NOTICE:  schema "pg_temp" does not exist, skipping
NOTICE:  table "_fb_wal_lock_ids" does not exist, skipping
NOTICE:  table "_fb_wal_batch" does not exist, skipping
NOTICE:  table "_fb_wal_commits" does not exist, skipping
NOTICE:  table "_fb_wal_events" does not exist, skipping
NOTICE:  table "_fb_wal_relevant_commits" does not exist, skipping
NOTICE:  schema "pg_temp" does not exist, skipping
NOTICE:  table "_fb_wal_lock_ids" does not exist, skipping
NOTICE:  table "_fb_wal_batch" does not exist, skipping
NOTICE:  table "_fb_wal_commits" does not exist, skipping
NOTICE:  table "_fb_wal_events" does not exist, skipping
NOTICE:  table "_fb_wal_relevant_commits" does not exist, skipping
NOTICE:  schema "pg_temp" does not exist, skipping
NOTICE:  table "_fb_wal_lock_ids" does not exist, skipping
NOTICE:  table "_fb_wal_batch" does not exist, skipping
NOTICE:  table "_fb_wal_commits" does not exist, skipping
NOTICE:  table "_fb_wal_events" does not exist, skipping
NOTICE:  table "_fb_wal_relevant_commits" does not exist, skipping
NOTICE:  schema "pg_temp" does not exist, skipping
NOTICE:  table "_fb_wal_lock_ids" does not exist, skipping
NOTICE:  table "_fb_wal_batch" does not exist, skipping
NOTICE:  table "_fb_wal_commits" does not exist, skipping
NOTICE:  table "_fb_wal_events" does not exist, skipping
NOTICE:  table "_fb_wal_relevant_commits" does not exist, skipping
NOTICE:  schema "pg_temp" does not exist, skipping
NOTICE:  table "_fb_wal_lock_ids" does not exist, skipping
NOTICE:  table "_fb_wal_batch" does not exist, skipping
NOTICE:  table "_fb_wal_commits" does not exist, skipping
NOTICE:  table "_fb_wal_events" does not exist, skipping
NOTICE:  table "_fb_wal_relevant_commits" does not exist, skipping
NOTICE:  schema "pg_temp" does not exist, skipping
NOTICE:  table "_fb_wal_lock_ids" does not exist, skipping
NOTICE:  table "_fb_wal_batch" does not exist, skipping
NOTICE:  table "_fb_wal_commits" does not exist, skipping
NOTICE:  table "_fb_wal_events" does not exist, skipping
NOTICE:  table "_fb_wal_relevant_commits" does not exist, skipping
NOTICE:  schema "pg_temp" does not exist, skipping
NOTICE:  table "_fb_wal_lock_ids" does not exist, skipping
NOTICE:  table "_fb_wal_batch" does not exist, skipping
NOTICE:  table "_fb_wal_commits" does not exist, skipping
NOTICE:  table "_fb_wal_events" does not exist, skipping
NOTICE:  table "_fb_wal_relevant_commits" does not exist, skipping
NOTICE:  schema "pg_temp" does not exist, skipping
NOTICE:  table "_fb_wal_lock_ids" does not exist, skipping
NOTICE:  table "_fb_wal_batch" does not exist, skipping
NOTICE:  table "_fb_wal_commits" does not exist, skipping
NOTICE:  table "_fb_wal_events" does not exist, skipping
NOTICE:  table "_fb_wal_relevant_commits" does not exist, skipping
NOTICE:  schema "pg_temp" does not exist, skipping
NOTICE:  table "_fb_wal_lock_ids" does not exist, skipping
NOTICE:  table "_fb_wal_batch" does not exist, skipping
NOTICE:  table "_fb_wal_commits" does not exist, skipping
NOTICE:  table "_fb_wal_events" does not exist, skipping
NOTICE:  table "_fb_wal_relevant_commits" does not exist, skipping
NOTICE:  schema "pg_temp" does not exist, skipping
NOTICE:  table "_fb_wal_lock_ids" does not exist, skipping
NOTICE:  table "_fb_wal_batch" does not exist, skipping
NOTICE:  table "_fb_wal_commits" does not exist, skipping
NOTICE:  table "_fb_wal_events" does not exist, skipping
NOTICE:  table "_fb_wal_relevant_commits" does not exist, skipping
NOTICE:  schema "pg_temp" does not exist, skipping
NOTICE:  table "_fb_wal_lock_ids" does not exist, skipping
NOTICE:  table "_fb_wal_batch" does not exist, skipping
NOTICE:  table "_fb_wal_commits" does not exist, skipping
NOTICE:  table "_fb_wal_events" does not exist, skipping
NOTICE:  table "_fb_wal_relevant_commits" does not exist, skipping
NOTICE:  schema "pg_temp" does not exist, skipping
NOTICE:  table "_fb_wal_lock_ids" does not exist, skipping
NOTICE:  table "_fb_wal_batch" does not exist, skipping
NOTICE:  table "_fb_wal_commits" does not exist, skipping
NOTICE:  table "_fb_wal_events" does not exist, skipping
NOTICE:  table "_fb_wal_relevant_commits" does not exist, skipping
NOTICE:  schema "pg_temp" does not exist, skipping
NOTICE:  table "_fb_wal_lock_ids" does not exist, skipping
NOTICE:  table "_fb_wal_batch" does not exist, skipping
NOTICE:  table "_fb_wal_commits" does not exist, skipping
NOTICE:  table "_fb_wal_events" does not exist, skipping
NOTICE:  table "_fb_wal_relevant_commits" does not exist, skipping
NOTICE:  schema "pg_temp" does not exist, skipping
NOTICE:  table "_fb_wal_lock_ids" does not exist, skipping
NOTICE:  table "_fb_wal_batch" does not exist, skipping
NOTICE:  table "_fb_wal_commits" does not exist, skipping
NOTICE:  table "_fb_wal_events" does not exist, skipping
NOTICE:  table "_fb_wal_relevant_commits" does not exist, skipping
NOTICE:  schema "pg_temp" does not exist, skipping
NOTICE:  table "_fb_wal_lock_ids" does not exist, skipping
NOTICE:  table "_fb_wal_batch" does not exist, skipping
NOTICE:  table "_fb_wal_commits" does not exist, skipping
NOTICE:  table "_fb_wal_events" does not exist, skipping
NOTICE:  table "_fb_wal_relevant_commits" does not exist, skipping
NOTICE:  schema "pg_temp" does not exist, skipping
NOTICE:  table "_fb_wal_lock_ids" does not exist, skipping
NOTICE:  table "_fb_wal_batch" does not exist, skipping
NOTICE:  table "_fb_wal_commits" does not exist, skipping
NOTICE:  table "_fb_wal_events" does not exist, skipping
NOTICE:  table "_fb_wal_relevant_commits" does not exist, skipping
NOTICE:  schema "pg_temp" does not exist, skipping
NOTICE:  table "_fb_wal_lock_ids" does not exist, skipping
NOTICE:  table "_fb_wal_batch" does not exist, skipping
NOTICE:  table "_fb_wal_commits" does not exist, skipping
NOTICE:  table "_fb_wal_events" does not exist, skipping
NOTICE:  table "_fb_wal_relevant_commits" does not exist, skipping
NOTICE:  schema "pg_temp" does not exist, skipping
NOTICE:  table "_fb_wal_lock_ids" does not exist, skipping
NOTICE:  table "_fb_wal_batch" does not exist, skipping
NOTICE:  table "_fb_wal_commits" does not exist, skipping
NOTICE:  table "_fb_wal_events" does not exist, skipping
NOTICE:  table "_fb_wal_relevant_commits" does not exist, skipping
NOTICE:  schema "pg_temp" does not exist, skipping
NOTICE:  table "_fb_wal_lock_ids" does not exist, skipping
NOTICE:  table "_fb_wal_batch" does not exist, skipping
NOTICE:  table "_fb_wal_commits" does not exist, skipping
NOTICE:  table "_fb_wal_events" does not exist, skipping
NOTICE:  table "_fb_wal_relevant_commits" does not exist, skipping
NOTICE:  schema "pg_temp" does not exist, skipping
NOTICE:  table "_fb_wal_lock_ids" does not exist, skipping
NOTICE:  table "_fb_wal_batch" does not exist, skipping
NOTICE:  table "_fb_wal_commits" does not exist, skipping
NOTICE:  table "_fb_wal_events" does not exist, skipping
NOTICE:  table "_fb_wal_relevant_commits" does not exist, skipping
NOTICE:  schema "pg_temp" does not exist, skipping
NOTICE:  table "_fb_wal_lock_ids" does not exist, skipping
NOTICE:  table "_fb_wal_batch" does not exist, skipping
NOTICE:  table "_fb_wal_commits" does not exist, skipping
NOTICE:  table "_fb_wal_events" does not exist, skipping
NOTICE:  table "_fb_wal_relevant_commits" does not exist, skipping
NOTICE:  schema "pg_temp" does not exist, skipping
NOTICE:  table "_fb_wal_lock_ids" does not exist, skipping
NOTICE:  table "_fb_wal_batch" does not exist, skipping
NOTICE:  table "_fb_wal_commits" does not exist, skipping
NOTICE:  table "_fb_wal_events" does not exist, skipping
NOTICE:  table "_fb_wal_relevant_commits" does not exist, skipping
NOTICE:  schema "pg_temp" does not exist, skipping
NOTICE:  table "_fb_wal_lock_ids" does not exist, skipping
NOTICE:  table "_fb_wal_batch" does not exist, skipping
NOTICE:  table "_fb_wal_commits" does not exist, skipping
NOTICE:  table "_fb_wal_events" does not exist, skipping
NOTICE:  table "_fb_wal_relevant_commits" does not exist, skipping
NOTICE:  schema "pg_temp" does not exist, skipping
NOTICE:  table "_fb_wal_lock_ids" does not exist, skipping
NOTICE:  table "_fb_wal_batch" does not exist, skipping
NOTICE:  table "_fb_wal_commits" does not exist, skipping
NOTICE:  table "_fb_wal_events" does not exist, skipping
NOTICE:  table "_fb_wal_relevant_commits" does not exist, skipping
NOTICE:  schema "pg_temp" does not exist, skipping
NOTICE:  table "_fb_wal_lock_ids" does not exist, skipping
NOTICE:  table "_fb_wal_batch" does not exist, skipping
NOTICE:  table "_fb_wal_commits" does not exist, skipping
NOTICE:  table "_fb_wal_events" does not exist, skipping
NOTICE:  table "_fb_wal_relevant_commits" does not exist, skipping
[exact-candidate-drop] 21:49:32 repeated DROP progress 40/100
NOTICE:  schema "pg_temp" does not exist, skipping
NOTICE:  table "_fb_wal_lock_ids" does not exist, skipping
NOTICE:  table "_fb_wal_batch" does not exist, skipping
NOTICE:  table "_fb_wal_commits" does not exist, skipping
NOTICE:  table "_fb_wal_events" does not exist, skipping
NOTICE:  table "_fb_wal_relevant_commits" does not exist, skipping
NOTICE:  schema "pg_temp" does not exist, skipping
NOTICE:  table "_fb_wal_lock_ids" does not exist, skipping
NOTICE:  table "_fb_wal_batch" does not exist, skipping
NOTICE:  table "_fb_wal_commits" does not exist, skipping
NOTICE:  table "_fb_wal_events" does not exist, skipping
NOTICE:  table "_fb_wal_relevant_commits" does not exist, skipping
NOTICE:  schema "pg_temp" does not exist, skipping
NOTICE:  table "_fb_wal_lock_ids" does not exist, skipping
NOTICE:  table "_fb_wal_batch" does not exist, skipping
NOTICE:  table "_fb_wal_commits" does not exist, skipping
NOTICE:  table "_fb_wal_events" does not exist, skipping
NOTICE:  table "_fb_wal_relevant_commits" does not exist, skipping
NOTICE:  schema "pg_temp" does not exist, skipping
NOTICE:  table "_fb_wal_lock_ids" does not exist, skipping
NOTICE:  table "_fb_wal_batch" does not exist, skipping
NOTICE:  table "_fb_wal_commits" does not exist, skipping
NOTICE:  table "_fb_wal_events" does not exist, skipping
NOTICE:  table "_fb_wal_relevant_commits" does not exist, skipping
NOTICE:  schema "pg_temp" does not exist, skipping
NOTICE:  table "_fb_wal_lock_ids" does not exist, skipping
NOTICE:  table "_fb_wal_batch" does not exist, skipping
NOTICE:  table "_fb_wal_commits" does not exist, skipping
NOTICE:  table "_fb_wal_events" does not exist, skipping
NOTICE:  table "_fb_wal_relevant_commits" does not exist, skipping
NOTICE:  schema "pg_temp" does not exist, skipping
NOTICE:  table "_fb_wal_lock_ids" does not exist, skipping
NOTICE:  table "_fb_wal_batch" does not exist, skipping
NOTICE:  table "_fb_wal_commits" does not exist, skipping
NOTICE:  table "_fb_wal_events" does not exist, skipping
NOTICE:  table "_fb_wal_relevant_commits" does not exist, skipping
NOTICE:  schema "pg_temp" does not exist, skipping
NOTICE:  table "_fb_wal_lock_ids" does not exist, skipping
NOTICE:  table "_fb_wal_batch" does not exist, skipping
NOTICE:  table "_fb_wal_commits" does not exist, skipping
NOTICE:  table "_fb_wal_events" does not exist, skipping
NOTICE:  table "_fb_wal_relevant_commits" does not exist, skipping
NOTICE:  schema "pg_temp" does not exist, skipping
NOTICE:  table "_fb_wal_lock_ids" does not exist, skipping
NOTICE:  table "_fb_wal_batch" does not exist, skipping
NOTICE:  table "_fb_wal_commits" does not exist, skipping
NOTICE:  table "_fb_wal_events" does not exist, skipping
NOTICE:  table "_fb_wal_relevant_commits" does not exist, skipping
NOTICE:  schema "pg_temp" does not exist, skipping
NOTICE:  table "_fb_wal_lock_ids" does not exist, skipping
NOTICE:  table "_fb_wal_batch" does not exist, skipping
NOTICE:  table "_fb_wal_commits" does not exist, skipping
NOTICE:  table "_fb_wal_events" does not exist, skipping
NOTICE:  table "_fb_wal_relevant_commits" does not exist, skipping
NOTICE:  schema "pg_temp" does not exist, skipping
NOTICE:  table "_fb_wal_lock_ids" does not exist, skipping
NOTICE:  table "_fb_wal_batch" does not exist, skipping
NOTICE:  table "_fb_wal_commits" does not exist, skipping
NOTICE:  table "_fb_wal_events" does not exist, skipping
NOTICE:  table "_fb_wal_relevant_commits" does not exist, skipping
NOTICE:  schema "pg_temp" does not exist, skipping
NOTICE:  table "_fb_wal_lock_ids" does not exist, skipping
NOTICE:  table "_fb_wal_batch" does not exist, skipping
NOTICE:  table "_fb_wal_commits" does not exist, skipping
NOTICE:  table "_fb_wal_events" does not exist, skipping
NOTICE:  table "_fb_wal_relevant_commits" does not exist, skipping
NOTICE:  schema "pg_temp" does not exist, skipping
NOTICE:  table "_fb_wal_lock_ids" does not exist, skipping
NOTICE:  table "_fb_wal_batch" does not exist, skipping
NOTICE:  table "_fb_wal_commits" does not exist, skipping
NOTICE:  table "_fb_wal_events" does not exist, skipping
NOTICE:  table "_fb_wal_relevant_commits" does not exist, skipping
NOTICE:  schema "pg_temp" does not exist, skipping
NOTICE:  table "_fb_wal_lock_ids" does not exist, skipping
NOTICE:  table "_fb_wal_batch" does not exist, skipping
NOTICE:  table "_fb_wal_commits" does not exist, skipping
NOTICE:  table "_fb_wal_events" does not exist, skipping
NOTICE:  table "_fb_wal_relevant_commits" does not exist, skipping
NOTICE:  schema "pg_temp" does not exist, skipping
NOTICE:  table "_fb_wal_lock_ids" does not exist, skipping
NOTICE:  table "_fb_wal_batch" does not exist, skipping
NOTICE:  table "_fb_wal_commits" does not exist, skipping
NOTICE:  table "_fb_wal_events" does not exist, skipping
NOTICE:  table "_fb_wal_relevant_commits" does not exist, skipping
NOTICE:  schema "pg_temp" does not exist, skipping
NOTICE:  table "_fb_wal_lock_ids" does not exist, skipping
NOTICE:  table "_fb_wal_batch" does not exist, skipping
NOTICE:  table "_fb_wal_commits" does not exist, skipping
NOTICE:  table "_fb_wal_events" does not exist, skipping
NOTICE:  table "_fb_wal_relevant_commits" does not exist, skipping
NOTICE:  schema "pg_temp" does not exist, skipping
NOTICE:  table "_fb_wal_lock_ids" does not exist, skipping
NOTICE:  table "_fb_wal_batch" does not exist, skipping
NOTICE:  table "_fb_wal_commits" does not exist, skipping
NOTICE:  table "_fb_wal_events" does not exist, skipping
NOTICE:  table "_fb_wal_relevant_commits" does not exist, skipping
NOTICE:  schema "pg_temp" does not exist, skipping
NOTICE:  table "_fb_wal_lock_ids" does not exist, skipping
NOTICE:  table "_fb_wal_batch" does not exist, skipping
NOTICE:  table "_fb_wal_commits" does not exist, skipping
NOTICE:  table "_fb_wal_events" does not exist, skipping
NOTICE:  table "_fb_wal_relevant_commits" does not exist, skipping
NOTICE:  schema "pg_temp" does not exist, skipping
NOTICE:  table "_fb_wal_lock_ids" does not exist, skipping
NOTICE:  table "_fb_wal_batch" does not exist, skipping
NOTICE:  table "_fb_wal_commits" does not exist, skipping
NOTICE:  table "_fb_wal_events" does not exist, skipping
NOTICE:  table "_fb_wal_relevant_commits" does not exist, skipping
NOTICE:  schema "pg_temp" does not exist, skipping
NOTICE:  table "_fb_wal_lock_ids" does not exist, skipping
NOTICE:  table "_fb_wal_batch" does not exist, skipping
NOTICE:  table "_fb_wal_commits" does not exist, skipping
NOTICE:  table "_fb_wal_events" does not exist, skipping
NOTICE:  table "_fb_wal_relevant_commits" does not exist, skipping
NOTICE:  schema "pg_temp" does not exist, skipping
NOTICE:  table "_fb_wal_lock_ids" does not exist, skipping
NOTICE:  table "_fb_wal_batch" does not exist, skipping
NOTICE:  table "_fb_wal_commits" does not exist, skipping
NOTICE:  table "_fb_wal_events" does not exist, skipping
NOTICE:  table "_fb_wal_relevant_commits" does not exist, skipping
NOTICE:  schema "pg_temp" does not exist, skipping
NOTICE:  table "_fb_wal_lock_ids" does not exist, skipping
NOTICE:  table "_fb_wal_batch" does not exist, skipping
NOTICE:  table "_fb_wal_commits" does not exist, skipping
NOTICE:  table "_fb_wal_events" does not exist, skipping
NOTICE:  table "_fb_wal_relevant_commits" does not exist, skipping
NOTICE:  schema "pg_temp" does not exist, skipping
NOTICE:  table "_fb_wal_lock_ids" does not exist, skipping
NOTICE:  table "_fb_wal_batch" does not exist, skipping
NOTICE:  table "_fb_wal_commits" does not exist, skipping
NOTICE:  table "_fb_wal_events" does not exist, skipping
NOTICE:  table "_fb_wal_relevant_commits" does not exist, skipping
NOTICE:  schema "pg_temp" does not exist, skipping
NOTICE:  table "_fb_wal_lock_ids" does not exist, skipping
NOTICE:  table "_fb_wal_batch" does not exist, skipping
NOTICE:  table "_fb_wal_commits" does not exist, skipping
NOTICE:  table "_fb_wal_events" does not exist, skipping
NOTICE:  table "_fb_wal_relevant_commits" does not exist, skipping
NOTICE:  schema "pg_temp" does not exist, skipping
NOTICE:  table "_fb_wal_lock_ids" does not exist, skipping
NOTICE:  table "_fb_wal_batch" does not exist, skipping
NOTICE:  table "_fb_wal_commits" does not exist, skipping
NOTICE:  table "_fb_wal_events" does not exist, skipping
NOTICE:  table "_fb_wal_relevant_commits" does not exist, skipping
NOTICE:  schema "pg_temp" does not exist, skipping
NOTICE:  table "_fb_wal_lock_ids" does not exist, skipping
NOTICE:  table "_fb_wal_batch" does not exist, skipping
NOTICE:  table "_fb_wal_commits" does not exist, skipping
NOTICE:  table "_fb_wal_events" does not exist, skipping
NOTICE:  table "_fb_wal_relevant_commits" does not exist, skipping
NOTICE:  schema "pg_temp" does not exist, skipping
NOTICE:  table "_fb_wal_lock_ids" does not exist, skipping
NOTICE:  table "_fb_wal_batch" does not exist, skipping
NOTICE:  table "_fb_wal_commits" does not exist, skipping
NOTICE:  table "_fb_wal_events" does not exist, skipping
NOTICE:  table "_fb_wal_relevant_commits" does not exist, skipping
NOTICE:  schema "pg_temp" does not exist, skipping
NOTICE:  table "_fb_wal_lock_ids" does not exist, skipping
NOTICE:  table "_fb_wal_batch" does not exist, skipping
NOTICE:  table "_fb_wal_commits" does not exist, skipping
NOTICE:  table "_fb_wal_events" does not exist, skipping
NOTICE:  table "_fb_wal_relevant_commits" does not exist, skipping
NOTICE:  schema "pg_temp" does not exist, skipping
NOTICE:  table "_fb_wal_lock_ids" does not exist, skipping
NOTICE:  table "_fb_wal_batch" does not exist, skipping
NOTICE:  table "_fb_wal_commits" does not exist, skipping
NOTICE:  table "_fb_wal_events" does not exist, skipping
NOTICE:  table "_fb_wal_relevant_commits" does not exist, skipping
NOTICE:  schema "pg_temp" does not exist, skipping
NOTICE:  table "_fb_wal_lock_ids" does not exist, skipping
NOTICE:  table "_fb_wal_batch" does not exist, skipping
NOTICE:  table "_fb_wal_commits" does not exist, skipping
NOTICE:  table "_fb_wal_events" does not exist, skipping
NOTICE:  table "_fb_wal_relevant_commits" does not exist, skipping
NOTICE:  schema "pg_temp" does not exist, skipping
NOTICE:  table "_fb_wal_lock_ids" does not exist, skipping
NOTICE:  table "_fb_wal_batch" does not exist, skipping
NOTICE:  table "_fb_wal_commits" does not exist, skipping
NOTICE:  table "_fb_wal_events" does not exist, skipping
NOTICE:  table "_fb_wal_relevant_commits" does not exist, skipping
[exact-candidate-drop] 21:49:35 repeated DROP progress 50/100
NOTICE:  schema "pg_temp" does not exist, skipping
NOTICE:  table "_fb_wal_lock_ids" does not exist, skipping
NOTICE:  table "_fb_wal_batch" does not exist, skipping
NOTICE:  table "_fb_wal_commits" does not exist, skipping
NOTICE:  table "_fb_wal_events" does not exist, skipping
NOTICE:  table "_fb_wal_relevant_commits" does not exist, skipping
NOTICE:  schema "pg_temp" does not exist, skipping
NOTICE:  table "_fb_wal_lock_ids" does not exist, skipping
NOTICE:  table "_fb_wal_batch" does not exist, skipping
NOTICE:  table "_fb_wal_commits" does not exist, skipping
NOTICE:  table "_fb_wal_events" does not exist, skipping
NOTICE:  table "_fb_wal_relevant_commits" does not exist, skipping
NOTICE:  schema "pg_temp" does not exist, skipping
NOTICE:  table "_fb_wal_lock_ids" does not exist, skipping
NOTICE:  table "_fb_wal_batch" does not exist, skipping
NOTICE:  table "_fb_wal_commits" does not exist, skipping
NOTICE:  table "_fb_wal_events" does not exist, skipping
NOTICE:  table "_fb_wal_relevant_commits" does not exist, skipping
NOTICE:  schema "pg_temp" does not exist, skipping
NOTICE:  table "_fb_wal_lock_ids" does not exist, skipping
NOTICE:  table "_fb_wal_batch" does not exist, skipping
NOTICE:  table "_fb_wal_commits" does not exist, skipping
NOTICE:  table "_fb_wal_events" does not exist, skipping
NOTICE:  table "_fb_wal_relevant_commits" does not exist, skipping
NOTICE:  schema "pg_temp" does not exist, skipping
NOTICE:  table "_fb_wal_lock_ids" does not exist, skipping
NOTICE:  table "_fb_wal_batch" does not exist, skipping
NOTICE:  table "_fb_wal_commits" does not exist, skipping
NOTICE:  table "_fb_wal_events" does not exist, skipping
NOTICE:  table "_fb_wal_relevant_commits" does not exist, skipping
NOTICE:  schema "pg_temp" does not exist, skipping
NOTICE:  table "_fb_wal_lock_ids" does not exist, skipping
NOTICE:  table "_fb_wal_batch" does not exist, skipping
NOTICE:  table "_fb_wal_commits" does not exist, skipping
NOTICE:  table "_fb_wal_events" does not exist, skipping
NOTICE:  table "_fb_wal_relevant_commits" does not exist, skipping
NOTICE:  schema "pg_temp" does not exist, skipping
NOTICE:  table "_fb_wal_lock_ids" does not exist, skipping
NOTICE:  table "_fb_wal_batch" does not exist, skipping
NOTICE:  table "_fb_wal_commits" does not exist, skipping
NOTICE:  table "_fb_wal_events" does not exist, skipping
NOTICE:  table "_fb_wal_relevant_commits" does not exist, skipping
NOTICE:  schema "pg_temp" does not exist, skipping
NOTICE:  table "_fb_wal_lock_ids" does not exist, skipping
NOTICE:  table "_fb_wal_batch" does not exist, skipping
NOTICE:  table "_fb_wal_commits" does not exist, skipping
NOTICE:  table "_fb_wal_events" does not exist, skipping
NOTICE:  table "_fb_wal_relevant_commits" does not exist, skipping
NOTICE:  schema "pg_temp" does not exist, skipping
NOTICE:  table "_fb_wal_lock_ids" does not exist, skipping
NOTICE:  table "_fb_wal_batch" does not exist, skipping
NOTICE:  table "_fb_wal_commits" does not exist, skipping
NOTICE:  table "_fb_wal_events" does not exist, skipping
NOTICE:  table "_fb_wal_relevant_commits" does not exist, skipping
NOTICE:  schema "pg_temp" does not exist, skipping
NOTICE:  table "_fb_wal_lock_ids" does not exist, skipping
NOTICE:  table "_fb_wal_batch" does not exist, skipping
NOTICE:  table "_fb_wal_commits" does not exist, skipping
NOTICE:  table "_fb_wal_events" does not exist, skipping
NOTICE:  table "_fb_wal_relevant_commits" does not exist, skipping
NOTICE:  schema "pg_temp" does not exist, skipping
NOTICE:  table "_fb_wal_lock_ids" does not exist, skipping
NOTICE:  table "_fb_wal_batch" does not exist, skipping
NOTICE:  table "_fb_wal_commits" does not exist, skipping
NOTICE:  table "_fb_wal_events" does not exist, skipping
NOTICE:  table "_fb_wal_relevant_commits" does not exist, skipping
NOTICE:  schema "pg_temp" does not exist, skipping
NOTICE:  table "_fb_wal_lock_ids" does not exist, skipping
NOTICE:  table "_fb_wal_batch" does not exist, skipping
NOTICE:  table "_fb_wal_commits" does not exist, skipping
NOTICE:  table "_fb_wal_events" does not exist, skipping
NOTICE:  table "_fb_wal_relevant_commits" does not exist, skipping
NOTICE:  schema "pg_temp" does not exist, skipping
NOTICE:  table "_fb_wal_lock_ids" does not exist, skipping
NOTICE:  table "_fb_wal_batch" does not exist, skipping
NOTICE:  table "_fb_wal_commits" does not exist, skipping
NOTICE:  table "_fb_wal_events" does not exist, skipping
NOTICE:  table "_fb_wal_relevant_commits" does not exist, skipping
NOTICE:  schema "pg_temp" does not exist, skipping
NOTICE:  table "_fb_wal_lock_ids" does not exist, skipping
NOTICE:  table "_fb_wal_batch" does not exist, skipping
NOTICE:  table "_fb_wal_commits" does not exist, skipping
NOTICE:  table "_fb_wal_events" does not exist, skipping
NOTICE:  table "_fb_wal_relevant_commits" does not exist, skipping
NOTICE:  schema "pg_temp" does not exist, skipping
NOTICE:  table "_fb_wal_lock_ids" does not exist, skipping
NOTICE:  table "_fb_wal_batch" does not exist, skipping
NOTICE:  table "_fb_wal_commits" does not exist, skipping
NOTICE:  table "_fb_wal_events" does not exist, skipping
NOTICE:  table "_fb_wal_relevant_commits" does not exist, skipping
NOTICE:  schema "pg_temp" does not exist, skipping
NOTICE:  table "_fb_wal_lock_ids" does not exist, skipping
NOTICE:  table "_fb_wal_batch" does not exist, skipping
NOTICE:  table "_fb_wal_commits" does not exist, skipping
NOTICE:  table "_fb_wal_events" does not exist, skipping
NOTICE:  table "_fb_wal_relevant_commits" does not exist, skipping
NOTICE:  schema "pg_temp" does not exist, skipping
NOTICE:  table "_fb_wal_lock_ids" does not exist, skipping
NOTICE:  table "_fb_wal_batch" does not exist, skipping
NOTICE:  table "_fb_wal_commits" does not exist, skipping
NOTICE:  table "_fb_wal_events" does not exist, skipping
NOTICE:  table "_fb_wal_relevant_commits" does not exist, skipping
NOTICE:  schema "pg_temp" does not exist, skipping
NOTICE:  table "_fb_wal_lock_ids" does not exist, skipping
NOTICE:  table "_fb_wal_batch" does not exist, skipping
NOTICE:  table "_fb_wal_commits" does not exist, skipping
NOTICE:  table "_fb_wal_events" does not exist, skipping
NOTICE:  table "_fb_wal_relevant_commits" does not exist, skipping
NOTICE:  schema "pg_temp" does not exist, skipping
NOTICE:  table "_fb_wal_lock_ids" does not exist, skipping
NOTICE:  table "_fb_wal_batch" does not exist, skipping
NOTICE:  table "_fb_wal_commits" does not exist, skipping
NOTICE:  table "_fb_wal_events" does not exist, skipping
NOTICE:  table "_fb_wal_relevant_commits" does not exist, skipping
NOTICE:  schema "pg_temp" does not exist, skipping
NOTICE:  table "_fb_wal_lock_ids" does not exist, skipping
NOTICE:  table "_fb_wal_batch" does not exist, skipping
NOTICE:  table "_fb_wal_commits" does not exist, skipping
NOTICE:  table "_fb_wal_events" does not exist, skipping
NOTICE:  table "_fb_wal_relevant_commits" does not exist, skipping
NOTICE:  schema "pg_temp" does not exist, skipping
NOTICE:  table "_fb_wal_lock_ids" does not exist, skipping
NOTICE:  table "_fb_wal_batch" does not exist, skipping
NOTICE:  table "_fb_wal_commits" does not exist, skipping
NOTICE:  table "_fb_wal_events" does not exist, skipping
NOTICE:  table "_fb_wal_relevant_commits" does not exist, skipping
NOTICE:  schema "pg_temp" does not exist, skipping
NOTICE:  table "_fb_wal_lock_ids" does not exist, skipping
NOTICE:  table "_fb_wal_batch" does not exist, skipping
NOTICE:  table "_fb_wal_commits" does not exist, skipping
NOTICE:  table "_fb_wal_events" does not exist, skipping
NOTICE:  table "_fb_wal_relevant_commits" does not exist, skipping
NOTICE:  schema "pg_temp" does not exist, skipping
NOTICE:  table "_fb_wal_lock_ids" does not exist, skipping
NOTICE:  table "_fb_wal_batch" does not exist, skipping
NOTICE:  table "_fb_wal_commits" does not exist, skipping
NOTICE:  table "_fb_wal_events" does not exist, skipping
NOTICE:  table "_fb_wal_relevant_commits" does not exist, skipping
NOTICE:  schema "pg_temp" does not exist, skipping
NOTICE:  table "_fb_wal_lock_ids" does not exist, skipping
NOTICE:  table "_fb_wal_batch" does not exist, skipping
NOTICE:  table "_fb_wal_commits" does not exist, skipping
NOTICE:  table "_fb_wal_events" does not exist, skipping
NOTICE:  table "_fb_wal_relevant_commits" does not exist, skipping
NOTICE:  schema "pg_temp" does not exist, skipping
NOTICE:  table "_fb_wal_lock_ids" does not exist, skipping
NOTICE:  table "_fb_wal_batch" does not exist, skipping
NOTICE:  table "_fb_wal_commits" does not exist, skipping
NOTICE:  table "_fb_wal_events" does not exist, skipping
NOTICE:  table "_fb_wal_relevant_commits" does not exist, skipping
NOTICE:  schema "pg_temp" does not exist, skipping
NOTICE:  table "_fb_wal_lock_ids" does not exist, skipping
NOTICE:  table "_fb_wal_batch" does not exist, skipping
NOTICE:  table "_fb_wal_commits" does not exist, skipping
NOTICE:  table "_fb_wal_events" does not exist, skipping
NOTICE:  table "_fb_wal_relevant_commits" does not exist, skipping
NOTICE:  schema "pg_temp" does not exist, skipping
NOTICE:  table "_fb_wal_lock_ids" does not exist, skipping
NOTICE:  table "_fb_wal_batch" does not exist, skipping
NOTICE:  table "_fb_wal_commits" does not exist, skipping
NOTICE:  table "_fb_wal_events" does not exist, skipping
NOTICE:  table "_fb_wal_relevant_commits" does not exist, skipping
NOTICE:  schema "pg_temp" does not exist, skipping
NOTICE:  table "_fb_wal_lock_ids" does not exist, skipping
NOTICE:  table "_fb_wal_batch" does not exist, skipping
NOTICE:  table "_fb_wal_commits" does not exist, skipping
NOTICE:  table "_fb_wal_events" does not exist, skipping
NOTICE:  table "_fb_wal_relevant_commits" does not exist, skipping
NOTICE:  schema "pg_temp" does not exist, skipping
NOTICE:  table "_fb_wal_lock_ids" does not exist, skipping
NOTICE:  table "_fb_wal_batch" does not exist, skipping
NOTICE:  table "_fb_wal_commits" does not exist, skipping
NOTICE:  table "_fb_wal_events" does not exist, skipping
NOTICE:  table "_fb_wal_relevant_commits" does not exist, skipping
NOTICE:  schema "pg_temp" does not exist, skipping
NOTICE:  table "_fb_wal_lock_ids" does not exist, skipping
NOTICE:  table "_fb_wal_batch" does not exist, skipping
NOTICE:  table "_fb_wal_commits" does not exist, skipping
NOTICE:  table "_fb_wal_events" does not exist, skipping
NOTICE:  table "_fb_wal_relevant_commits" does not exist, skipping
[exact-candidate-drop] 21:49:38 repeated DROP progress 60/100
NOTICE:  schema "pg_temp" does not exist, skipping
NOTICE:  table "_fb_wal_lock_ids" does not exist, skipping
NOTICE:  table "_fb_wal_batch" does not exist, skipping
NOTICE:  table "_fb_wal_commits" does not exist, skipping
NOTICE:  table "_fb_wal_events" does not exist, skipping
NOTICE:  table "_fb_wal_relevant_commits" does not exist, skipping
NOTICE:  schema "pg_temp" does not exist, skipping
NOTICE:  table "_fb_wal_lock_ids" does not exist, skipping
NOTICE:  table "_fb_wal_batch" does not exist, skipping
NOTICE:  table "_fb_wal_commits" does not exist, skipping
NOTICE:  table "_fb_wal_events" does not exist, skipping
NOTICE:  table "_fb_wal_relevant_commits" does not exist, skipping
NOTICE:  schema "pg_temp" does not exist, skipping
NOTICE:  table "_fb_wal_lock_ids" does not exist, skipping
NOTICE:  table "_fb_wal_batch" does not exist, skipping
NOTICE:  table "_fb_wal_commits" does not exist, skipping
NOTICE:  table "_fb_wal_events" does not exist, skipping
NOTICE:  table "_fb_wal_relevant_commits" does not exist, skipping
NOTICE:  schema "pg_temp" does not exist, skipping
NOTICE:  table "_fb_wal_lock_ids" does not exist, skipping
NOTICE:  table "_fb_wal_batch" does not exist, skipping
NOTICE:  table "_fb_wal_commits" does not exist, skipping
NOTICE:  table "_fb_wal_events" does not exist, skipping
NOTICE:  table "_fb_wal_relevant_commits" does not exist, skipping
NOTICE:  schema "pg_temp" does not exist, skipping
NOTICE:  table "_fb_wal_lock_ids" does not exist, skipping
NOTICE:  table "_fb_wal_batch" does not exist, skipping
NOTICE:  table "_fb_wal_commits" does not exist, skipping
NOTICE:  table "_fb_wal_events" does not exist, skipping
NOTICE:  table "_fb_wal_relevant_commits" does not exist, skipping
NOTICE:  schema "pg_temp" does not exist, skipping
NOTICE:  table "_fb_wal_lock_ids" does not exist, skipping
NOTICE:  table "_fb_wal_batch" does not exist, skipping
NOTICE:  table "_fb_wal_commits" does not exist, skipping
NOTICE:  table "_fb_wal_events" does not exist, skipping
NOTICE:  table "_fb_wal_relevant_commits" does not exist, skipping
NOTICE:  schema "pg_temp" does not exist, skipping
NOTICE:  table "_fb_wal_lock_ids" does not exist, skipping
NOTICE:  table "_fb_wal_batch" does not exist, skipping
NOTICE:  table "_fb_wal_commits" does not exist, skipping
NOTICE:  table "_fb_wal_events" does not exist, skipping
NOTICE:  table "_fb_wal_relevant_commits" does not exist, skipping
NOTICE:  schema "pg_temp" does not exist, skipping
NOTICE:  table "_fb_wal_lock_ids" does not exist, skipping
NOTICE:  table "_fb_wal_batch" does not exist, skipping
NOTICE:  table "_fb_wal_commits" does not exist, skipping
NOTICE:  table "_fb_wal_events" does not exist, skipping
NOTICE:  table "_fb_wal_relevant_commits" does not exist, skipping
NOTICE:  schema "pg_temp" does not exist, skipping
NOTICE:  table "_fb_wal_lock_ids" does not exist, skipping
NOTICE:  table "_fb_wal_batch" does not exist, skipping
NOTICE:  table "_fb_wal_commits" does not exist, skipping
NOTICE:  table "_fb_wal_events" does not exist, skipping
NOTICE:  table "_fb_wal_relevant_commits" does not exist, skipping
NOTICE:  schema "pg_temp" does not exist, skipping
NOTICE:  table "_fb_wal_lock_ids" does not exist, skipping
NOTICE:  table "_fb_wal_batch" does not exist, skipping
NOTICE:  table "_fb_wal_commits" does not exist, skipping
NOTICE:  table "_fb_wal_events" does not exist, skipping
NOTICE:  table "_fb_wal_relevant_commits" does not exist, skipping
NOTICE:  schema "pg_temp" does not exist, skipping
NOTICE:  table "_fb_wal_lock_ids" does not exist, skipping
NOTICE:  table "_fb_wal_batch" does not exist, skipping
NOTICE:  table "_fb_wal_commits" does not exist, skipping
NOTICE:  table "_fb_wal_events" does not exist, skipping
NOTICE:  table "_fb_wal_relevant_commits" does not exist, skipping
NOTICE:  schema "pg_temp" does not exist, skipping
NOTICE:  table "_fb_wal_lock_ids" does not exist, skipping
NOTICE:  table "_fb_wal_batch" does not exist, skipping
NOTICE:  table "_fb_wal_commits" does not exist, skipping
NOTICE:  table "_fb_wal_events" does not exist, skipping
NOTICE:  table "_fb_wal_relevant_commits" does not exist, skipping
NOTICE:  schema "pg_temp" does not exist, skipping
NOTICE:  table "_fb_wal_lock_ids" does not exist, skipping
NOTICE:  table "_fb_wal_batch" does not exist, skipping
NOTICE:  table "_fb_wal_commits" does not exist, skipping
NOTICE:  table "_fb_wal_events" does not exist, skipping
NOTICE:  table "_fb_wal_relevant_commits" does not exist, skipping
NOTICE:  schema "pg_temp" does not exist, skipping
NOTICE:  table "_fb_wal_lock_ids" does not exist, skipping
NOTICE:  table "_fb_wal_batch" does not exist, skipping
NOTICE:  table "_fb_wal_commits" does not exist, skipping
NOTICE:  table "_fb_wal_events" does not exist, skipping
NOTICE:  table "_fb_wal_relevant_commits" does not exist, skipping
NOTICE:  schema "pg_temp" does not exist, skipping
NOTICE:  table "_fb_wal_lock_ids" does not exist, skipping
NOTICE:  table "_fb_wal_batch" does not exist, skipping
NOTICE:  table "_fb_wal_commits" does not exist, skipping
NOTICE:  table "_fb_wal_events" does not exist, skipping
NOTICE:  table "_fb_wal_relevant_commits" does not exist, skipping
NOTICE:  schema "pg_temp" does not exist, skipping
NOTICE:  table "_fb_wal_lock_ids" does not exist, skipping
NOTICE:  table "_fb_wal_batch" does not exist, skipping
NOTICE:  table "_fb_wal_commits" does not exist, skipping
NOTICE:  table "_fb_wal_events" does not exist, skipping
NOTICE:  table "_fb_wal_relevant_commits" does not exist, skipping
NOTICE:  schema "pg_temp" does not exist, skipping
NOTICE:  table "_fb_wal_lock_ids" does not exist, skipping
NOTICE:  table "_fb_wal_batch" does not exist, skipping
NOTICE:  table "_fb_wal_commits" does not exist, skipping
NOTICE:  table "_fb_wal_events" does not exist, skipping
NOTICE:  table "_fb_wal_relevant_commits" does not exist, skipping
NOTICE:  schema "pg_temp" does not exist, skipping
NOTICE:  table "_fb_wal_lock_ids" does not exist, skipping
NOTICE:  table "_fb_wal_batch" does not exist, skipping
NOTICE:  table "_fb_wal_commits" does not exist, skipping
NOTICE:  table "_fb_wal_events" does not exist, skipping
NOTICE:  table "_fb_wal_relevant_commits" does not exist, skipping
NOTICE:  schema "pg_temp" does not exist, skipping
NOTICE:  table "_fb_wal_lock_ids" does not exist, skipping
NOTICE:  table "_fb_wal_batch" does not exist, skipping
NOTICE:  table "_fb_wal_commits" does not exist, skipping
NOTICE:  table "_fb_wal_events" does not exist, skipping
NOTICE:  table "_fb_wal_relevant_commits" does not exist, skipping
NOTICE:  schema "pg_temp" does not exist, skipping
NOTICE:  table "_fb_wal_lock_ids" does not exist, skipping
NOTICE:  table "_fb_wal_batch" does not exist, skipping
NOTICE:  table "_fb_wal_commits" does not exist, skipping
NOTICE:  table "_fb_wal_events" does not exist, skipping
NOTICE:  table "_fb_wal_relevant_commits" does not exist, skipping
NOTICE:  schema "pg_temp" does not exist, skipping
NOTICE:  table "_fb_wal_lock_ids" does not exist, skipping
NOTICE:  table "_fb_wal_batch" does not exist, skipping
NOTICE:  table "_fb_wal_commits" does not exist, skipping
NOTICE:  table "_fb_wal_events" does not exist, skipping
NOTICE:  table "_fb_wal_relevant_commits" does not exist, skipping
NOTICE:  schema "pg_temp" does not exist, skipping
NOTICE:  table "_fb_wal_lock_ids" does not exist, skipping
NOTICE:  table "_fb_wal_batch" does not exist, skipping
NOTICE:  table "_fb_wal_commits" does not exist, skipping
NOTICE:  table "_fb_wal_events" does not exist, skipping
NOTICE:  table "_fb_wal_relevant_commits" does not exist, skipping
NOTICE:  schema "pg_temp" does not exist, skipping
NOTICE:  table "_fb_wal_lock_ids" does not exist, skipping
NOTICE:  table "_fb_wal_batch" does not exist, skipping
NOTICE:  table "_fb_wal_commits" does not exist, skipping
NOTICE:  table "_fb_wal_events" does not exist, skipping
NOTICE:  table "_fb_wal_relevant_commits" does not exist, skipping
NOTICE:  schema "pg_temp" does not exist, skipping
NOTICE:  table "_fb_wal_lock_ids" does not exist, skipping
NOTICE:  table "_fb_wal_batch" does not exist, skipping
NOTICE:  table "_fb_wal_commits" does not exist, skipping
NOTICE:  table "_fb_wal_events" does not exist, skipping
NOTICE:  table "_fb_wal_relevant_commits" does not exist, skipping
NOTICE:  schema "pg_temp" does not exist, skipping
NOTICE:  table "_fb_wal_lock_ids" does not exist, skipping
NOTICE:  table "_fb_wal_batch" does not exist, skipping
NOTICE:  table "_fb_wal_commits" does not exist, skipping
NOTICE:  table "_fb_wal_events" does not exist, skipping
NOTICE:  table "_fb_wal_relevant_commits" does not exist, skipping
NOTICE:  schema "pg_temp" does not exist, skipping
NOTICE:  table "_fb_wal_lock_ids" does not exist, skipping
NOTICE:  table "_fb_wal_batch" does not exist, skipping
NOTICE:  table "_fb_wal_commits" does not exist, skipping
NOTICE:  table "_fb_wal_events" does not exist, skipping
NOTICE:  table "_fb_wal_relevant_commits" does not exist, skipping
NOTICE:  schema "pg_temp" does not exist, skipping
NOTICE:  table "_fb_wal_lock_ids" does not exist, skipping
NOTICE:  table "_fb_wal_batch" does not exist, skipping
NOTICE:  table "_fb_wal_commits" does not exist, skipping
NOTICE:  table "_fb_wal_events" does not exist, skipping
NOTICE:  table "_fb_wal_relevant_commits" does not exist, skipping
NOTICE:  schema "pg_temp" does not exist, skipping
NOTICE:  table "_fb_wal_lock_ids" does not exist, skipping
NOTICE:  table "_fb_wal_batch" does not exist, skipping
NOTICE:  table "_fb_wal_commits" does not exist, skipping
NOTICE:  table "_fb_wal_events" does not exist, skipping
NOTICE:  table "_fb_wal_relevant_commits" does not exist, skipping
NOTICE:  schema "pg_temp" does not exist, skipping
NOTICE:  table "_fb_wal_lock_ids" does not exist, skipping
NOTICE:  table "_fb_wal_batch" does not exist, skipping
NOTICE:  table "_fb_wal_commits" does not exist, skipping
NOTICE:  table "_fb_wal_events" does not exist, skipping
NOTICE:  table "_fb_wal_relevant_commits" does not exist, skipping
NOTICE:  schema "pg_temp" does not exist, skipping
NOTICE:  table "_fb_wal_lock_ids" does not exist, skipping
NOTICE:  table "_fb_wal_batch" does not exist, skipping
NOTICE:  table "_fb_wal_commits" does not exist, skipping
NOTICE:  table "_fb_wal_events" does not exist, skipping
NOTICE:  table "_fb_wal_relevant_commits" does not exist, skipping
[exact-candidate-drop] 21:49:42 repeated DROP progress 70/100
NOTICE:  schema "pg_temp" does not exist, skipping
NOTICE:  table "_fb_wal_lock_ids" does not exist, skipping
NOTICE:  table "_fb_wal_batch" does not exist, skipping
NOTICE:  table "_fb_wal_commits" does not exist, skipping
NOTICE:  table "_fb_wal_events" does not exist, skipping
NOTICE:  table "_fb_wal_relevant_commits" does not exist, skipping
NOTICE:  schema "pg_temp" does not exist, skipping
NOTICE:  table "_fb_wal_lock_ids" does not exist, skipping
NOTICE:  table "_fb_wal_batch" does not exist, skipping
NOTICE:  table "_fb_wal_commits" does not exist, skipping
NOTICE:  table "_fb_wal_events" does not exist, skipping
NOTICE:  table "_fb_wal_relevant_commits" does not exist, skipping
NOTICE:  schema "pg_temp" does not exist, skipping
NOTICE:  table "_fb_wal_lock_ids" does not exist, skipping
NOTICE:  table "_fb_wal_batch" does not exist, skipping
NOTICE:  table "_fb_wal_commits" does not exist, skipping
NOTICE:  table "_fb_wal_events" does not exist, skipping
NOTICE:  table "_fb_wal_relevant_commits" does not exist, skipping
NOTICE:  schema "pg_temp" does not exist, skipping
NOTICE:  table "_fb_wal_lock_ids" does not exist, skipping
NOTICE:  table "_fb_wal_batch" does not exist, skipping
NOTICE:  table "_fb_wal_commits" does not exist, skipping
NOTICE:  table "_fb_wal_events" does not exist, skipping
NOTICE:  table "_fb_wal_relevant_commits" does not exist, skipping
NOTICE:  schema "pg_temp" does not exist, skipping
NOTICE:  table "_fb_wal_lock_ids" does not exist, skipping
NOTICE:  table "_fb_wal_batch" does not exist, skipping
NOTICE:  table "_fb_wal_commits" does not exist, skipping
NOTICE:  table "_fb_wal_events" does not exist, skipping
NOTICE:  table "_fb_wal_relevant_commits" does not exist, skipping
NOTICE:  schema "pg_temp" does not exist, skipping
NOTICE:  table "_fb_wal_lock_ids" does not exist, skipping
NOTICE:  table "_fb_wal_batch" does not exist, skipping
NOTICE:  table "_fb_wal_commits" does not exist, skipping
NOTICE:  table "_fb_wal_events" does not exist, skipping
NOTICE:  table "_fb_wal_relevant_commits" does not exist, skipping
NOTICE:  schema "pg_temp" does not exist, skipping
NOTICE:  table "_fb_wal_lock_ids" does not exist, skipping
NOTICE:  table "_fb_wal_batch" does not exist, skipping
NOTICE:  table "_fb_wal_commits" does not exist, skipping
NOTICE:  table "_fb_wal_events" does not exist, skipping
NOTICE:  table "_fb_wal_relevant_commits" does not exist, skipping
NOTICE:  schema "pg_temp" does not exist, skipping
NOTICE:  table "_fb_wal_lock_ids" does not exist, skipping
NOTICE:  table "_fb_wal_batch" does not exist, skipping
NOTICE:  table "_fb_wal_commits" does not exist, skipping
NOTICE:  table "_fb_wal_events" does not exist, skipping
NOTICE:  table "_fb_wal_relevant_commits" does not exist, skipping
NOTICE:  schema "pg_temp" does not exist, skipping
NOTICE:  table "_fb_wal_lock_ids" does not exist, skipping
NOTICE:  table "_fb_wal_batch" does not exist, skipping
NOTICE:  table "_fb_wal_commits" does not exist, skipping
NOTICE:  table "_fb_wal_events" does not exist, skipping
NOTICE:  table "_fb_wal_relevant_commits" does not exist, skipping
NOTICE:  schema "pg_temp" does not exist, skipping
NOTICE:  table "_fb_wal_lock_ids" does not exist, skipping
NOTICE:  table "_fb_wal_batch" does not exist, skipping
NOTICE:  table "_fb_wal_commits" does not exist, skipping
NOTICE:  table "_fb_wal_events" does not exist, skipping
NOTICE:  table "_fb_wal_relevant_commits" does not exist, skipping
NOTICE:  schema "pg_temp" does not exist, skipping
NOTICE:  table "_fb_wal_lock_ids" does not exist, skipping
NOTICE:  table "_fb_wal_batch" does not exist, skipping
NOTICE:  table "_fb_wal_commits" does not exist, skipping
NOTICE:  table "_fb_wal_events" does not exist, skipping
NOTICE:  table "_fb_wal_relevant_commits" does not exist, skipping
NOTICE:  schema "pg_temp" does not exist, skipping
NOTICE:  table "_fb_wal_lock_ids" does not exist, skipping
NOTICE:  table "_fb_wal_batch" does not exist, skipping
NOTICE:  table "_fb_wal_commits" does not exist, skipping
NOTICE:  table "_fb_wal_events" does not exist, skipping
NOTICE:  table "_fb_wal_relevant_commits" does not exist, skipping
NOTICE:  schema "pg_temp" does not exist, skipping
NOTICE:  table "_fb_wal_lock_ids" does not exist, skipping
NOTICE:  table "_fb_wal_batch" does not exist, skipping
NOTICE:  table "_fb_wal_commits" does not exist, skipping
NOTICE:  table "_fb_wal_events" does not exist, skipping
NOTICE:  table "_fb_wal_relevant_commits" does not exist, skipping
NOTICE:  schema "pg_temp" does not exist, skipping
NOTICE:  table "_fb_wal_lock_ids" does not exist, skipping
NOTICE:  table "_fb_wal_batch" does not exist, skipping
NOTICE:  table "_fb_wal_commits" does not exist, skipping
NOTICE:  table "_fb_wal_events" does not exist, skipping
NOTICE:  table "_fb_wal_relevant_commits" does not exist, skipping
NOTICE:  schema "pg_temp" does not exist, skipping
NOTICE:  table "_fb_wal_lock_ids" does not exist, skipping
NOTICE:  table "_fb_wal_batch" does not exist, skipping
NOTICE:  table "_fb_wal_commits" does not exist, skipping
NOTICE:  table "_fb_wal_events" does not exist, skipping
NOTICE:  table "_fb_wal_relevant_commits" does not exist, skipping
NOTICE:  schema "pg_temp" does not exist, skipping
NOTICE:  table "_fb_wal_lock_ids" does not exist, skipping
NOTICE:  table "_fb_wal_batch" does not exist, skipping
NOTICE:  table "_fb_wal_commits" does not exist, skipping
NOTICE:  table "_fb_wal_events" does not exist, skipping
NOTICE:  table "_fb_wal_relevant_commits" does not exist, skipping
NOTICE:  schema "pg_temp" does not exist, skipping
NOTICE:  table "_fb_wal_lock_ids" does not exist, skipping
NOTICE:  table "_fb_wal_batch" does not exist, skipping
NOTICE:  table "_fb_wal_commits" does not exist, skipping
NOTICE:  table "_fb_wal_events" does not exist, skipping
NOTICE:  table "_fb_wal_relevant_commits" does not exist, skipping
NOTICE:  schema "pg_temp" does not exist, skipping
NOTICE:  table "_fb_wal_lock_ids" does not exist, skipping
NOTICE:  table "_fb_wal_batch" does not exist, skipping
NOTICE:  table "_fb_wal_commits" does not exist, skipping
NOTICE:  table "_fb_wal_events" does not exist, skipping
NOTICE:  table "_fb_wal_relevant_commits" does not exist, skipping
NOTICE:  schema "pg_temp" does not exist, skipping
NOTICE:  table "_fb_wal_lock_ids" does not exist, skipping
NOTICE:  table "_fb_wal_batch" does not exist, skipping
NOTICE:  table "_fb_wal_commits" does not exist, skipping
NOTICE:  table "_fb_wal_events" does not exist, skipping
NOTICE:  table "_fb_wal_relevant_commits" does not exist, skipping
NOTICE:  schema "pg_temp" does not exist, skipping
NOTICE:  table "_fb_wal_lock_ids" does not exist, skipping
NOTICE:  table "_fb_wal_batch" does not exist, skipping
NOTICE:  table "_fb_wal_commits" does not exist, skipping
NOTICE:  table "_fb_wal_events" does not exist, skipping
NOTICE:  table "_fb_wal_relevant_commits" does not exist, skipping
NOTICE:  schema "pg_temp" does not exist, skipping
NOTICE:  table "_fb_wal_lock_ids" does not exist, skipping
NOTICE:  table "_fb_wal_batch" does not exist, skipping
NOTICE:  table "_fb_wal_commits" does not exist, skipping
NOTICE:  table "_fb_wal_events" does not exist, skipping
NOTICE:  table "_fb_wal_relevant_commits" does not exist, skipping
NOTICE:  schema "pg_temp" does not exist, skipping
NOTICE:  table "_fb_wal_lock_ids" does not exist, skipping
NOTICE:  table "_fb_wal_batch" does not exist, skipping
NOTICE:  table "_fb_wal_commits" does not exist, skipping
NOTICE:  table "_fb_wal_events" does not exist, skipping
NOTICE:  table "_fb_wal_relevant_commits" does not exist, skipping
NOTICE:  schema "pg_temp" does not exist, skipping
NOTICE:  table "_fb_wal_lock_ids" does not exist, skipping
NOTICE:  table "_fb_wal_batch" does not exist, skipping
NOTICE:  table "_fb_wal_commits" does not exist, skipping
NOTICE:  table "_fb_wal_events" does not exist, skipping
NOTICE:  table "_fb_wal_relevant_commits" does not exist, skipping
NOTICE:  schema "pg_temp" does not exist, skipping
NOTICE:  table "_fb_wal_lock_ids" does not exist, skipping
NOTICE:  table "_fb_wal_batch" does not exist, skipping
NOTICE:  table "_fb_wal_commits" does not exist, skipping
NOTICE:  table "_fb_wal_events" does not exist, skipping
NOTICE:  table "_fb_wal_relevant_commits" does not exist, skipping
NOTICE:  schema "pg_temp" does not exist, skipping
NOTICE:  table "_fb_wal_lock_ids" does not exist, skipping
NOTICE:  table "_fb_wal_batch" does not exist, skipping
NOTICE:  table "_fb_wal_commits" does not exist, skipping
NOTICE:  table "_fb_wal_events" does not exist, skipping
NOTICE:  table "_fb_wal_relevant_commits" does not exist, skipping
NOTICE:  schema "pg_temp" does not exist, skipping
NOTICE:  table "_fb_wal_lock_ids" does not exist, skipping
NOTICE:  table "_fb_wal_batch" does not exist, skipping
NOTICE:  table "_fb_wal_commits" does not exist, skipping
NOTICE:  table "_fb_wal_events" does not exist, skipping
NOTICE:  table "_fb_wal_relevant_commits" does not exist, skipping
NOTICE:  schema "pg_temp" does not exist, skipping
NOTICE:  table "_fb_wal_lock_ids" does not exist, skipping
NOTICE:  table "_fb_wal_batch" does not exist, skipping
NOTICE:  table "_fb_wal_commits" does not exist, skipping
NOTICE:  table "_fb_wal_events" does not exist, skipping
NOTICE:  table "_fb_wal_relevant_commits" does not exist, skipping
NOTICE:  schema "pg_temp" does not exist, skipping
NOTICE:  table "_fb_wal_lock_ids" does not exist, skipping
NOTICE:  table "_fb_wal_batch" does not exist, skipping
NOTICE:  table "_fb_wal_commits" does not exist, skipping
NOTICE:  table "_fb_wal_events" does not exist, skipping
NOTICE:  table "_fb_wal_relevant_commits" does not exist, skipping
NOTICE:  schema "pg_temp" does not exist, skipping
NOTICE:  table "_fb_wal_lock_ids" does not exist, skipping
NOTICE:  table "_fb_wal_batch" does not exist, skipping
NOTICE:  table "_fb_wal_commits" does not exist, skipping
NOTICE:  table "_fb_wal_events" does not exist, skipping
NOTICE:  table "_fb_wal_relevant_commits" does not exist, skipping
NOTICE:  schema "pg_temp" does not exist, skipping
NOTICE:  table "_fb_wal_lock_ids" does not exist, skipping
NOTICE:  table "_fb_wal_batch" does not exist, skipping
NOTICE:  table "_fb_wal_commits" does not exist, skipping
NOTICE:  table "_fb_wal_events" does not exist, skipping
NOTICE:  table "_fb_wal_relevant_commits" does not exist, skipping
[exact-candidate-drop] 21:49:47 repeated DROP progress 80/100
NOTICE:  schema "pg_temp" does not exist, skipping
NOTICE:  table "_fb_wal_lock_ids" does not exist, skipping
NOTICE:  table "_fb_wal_batch" does not exist, skipping
NOTICE:  table "_fb_wal_commits" does not exist, skipping
NOTICE:  table "_fb_wal_events" does not exist, skipping
NOTICE:  table "_fb_wal_relevant_commits" does not exist, skipping
NOTICE:  schema "pg_temp" does not exist, skipping
NOTICE:  table "_fb_wal_lock_ids" does not exist, skipping
NOTICE:  table "_fb_wal_batch" does not exist, skipping
NOTICE:  table "_fb_wal_commits" does not exist, skipping
NOTICE:  table "_fb_wal_events" does not exist, skipping
NOTICE:  table "_fb_wal_relevant_commits" does not exist, skipping
NOTICE:  schema "pg_temp" does not exist, skipping
NOTICE:  table "_fb_wal_lock_ids" does not exist, skipping
NOTICE:  table "_fb_wal_batch" does not exist, skipping
NOTICE:  table "_fb_wal_commits" does not exist, skipping
NOTICE:  table "_fb_wal_events" does not exist, skipping
NOTICE:  table "_fb_wal_relevant_commits" does not exist, skipping
NOTICE:  schema "pg_temp" does not exist, skipping
NOTICE:  table "_fb_wal_lock_ids" does not exist, skipping
NOTICE:  table "_fb_wal_batch" does not exist, skipping
NOTICE:  table "_fb_wal_commits" does not exist, skipping
NOTICE:  table "_fb_wal_events" does not exist, skipping
NOTICE:  table "_fb_wal_relevant_commits" does not exist, skipping
NOTICE:  schema "pg_temp" does not exist, skipping
NOTICE:  table "_fb_wal_lock_ids" does not exist, skipping
NOTICE:  table "_fb_wal_batch" does not exist, skipping
NOTICE:  table "_fb_wal_commits" does not exist, skipping
NOTICE:  table "_fb_wal_events" does not exist, skipping
NOTICE:  table "_fb_wal_relevant_commits" does not exist, skipping
NOTICE:  schema "pg_temp" does not exist, skipping
NOTICE:  table "_fb_wal_lock_ids" does not exist, skipping
NOTICE:  table "_fb_wal_batch" does not exist, skipping
NOTICE:  table "_fb_wal_commits" does not exist, skipping
NOTICE:  table "_fb_wal_events" does not exist, skipping
NOTICE:  table "_fb_wal_relevant_commits" does not exist, skipping
NOTICE:  schema "pg_temp" does not exist, skipping
NOTICE:  table "_fb_wal_lock_ids" does not exist, skipping
NOTICE:  table "_fb_wal_batch" does not exist, skipping
NOTICE:  table "_fb_wal_commits" does not exist, skipping
NOTICE:  table "_fb_wal_events" does not exist, skipping
NOTICE:  table "_fb_wal_relevant_commits" does not exist, skipping
NOTICE:  schema "pg_temp" does not exist, skipping
NOTICE:  table "_fb_wal_lock_ids" does not exist, skipping
NOTICE:  table "_fb_wal_batch" does not exist, skipping
NOTICE:  table "_fb_wal_commits" does not exist, skipping
NOTICE:  table "_fb_wal_events" does not exist, skipping
NOTICE:  table "_fb_wal_relevant_commits" does not exist, skipping
NOTICE:  schema "pg_temp" does not exist, skipping
NOTICE:  table "_fb_wal_lock_ids" does not exist, skipping
NOTICE:  table "_fb_wal_batch" does not exist, skipping
NOTICE:  table "_fb_wal_commits" does not exist, skipping
NOTICE:  table "_fb_wal_events" does not exist, skipping
NOTICE:  table "_fb_wal_relevant_commits" does not exist, skipping
NOTICE:  schema "pg_temp" does not exist, skipping
NOTICE:  table "_fb_wal_lock_ids" does not exist, skipping
NOTICE:  table "_fb_wal_batch" does not exist, skipping
NOTICE:  table "_fb_wal_commits" does not exist, skipping
NOTICE:  table "_fb_wal_events" does not exist, skipping
NOTICE:  table "_fb_wal_relevant_commits" does not exist, skipping
NOTICE:  schema "pg_temp" does not exist, skipping
NOTICE:  table "_fb_wal_lock_ids" does not exist, skipping
NOTICE:  table "_fb_wal_batch" does not exist, skipping
NOTICE:  table "_fb_wal_commits" does not exist, skipping
NOTICE:  table "_fb_wal_events" does not exist, skipping
NOTICE:  table "_fb_wal_relevant_commits" does not exist, skipping
NOTICE:  schema "pg_temp" does not exist, skipping
NOTICE:  table "_fb_wal_lock_ids" does not exist, skipping
NOTICE:  table "_fb_wal_batch" does not exist, skipping
NOTICE:  table "_fb_wal_commits" does not exist, skipping
NOTICE:  table "_fb_wal_events" does not exist, skipping
NOTICE:  table "_fb_wal_relevant_commits" does not exist, skipping
NOTICE:  schema "pg_temp" does not exist, skipping
NOTICE:  table "_fb_wal_lock_ids" does not exist, skipping
NOTICE:  table "_fb_wal_batch" does not exist, skipping
NOTICE:  table "_fb_wal_commits" does not exist, skipping
NOTICE:  table "_fb_wal_events" does not exist, skipping
NOTICE:  table "_fb_wal_relevant_commits" does not exist, skipping
NOTICE:  schema "pg_temp" does not exist, skipping
NOTICE:  table "_fb_wal_lock_ids" does not exist, skipping
NOTICE:  table "_fb_wal_batch" does not exist, skipping
NOTICE:  table "_fb_wal_commits" does not exist, skipping
NOTICE:  table "_fb_wal_events" does not exist, skipping
NOTICE:  table "_fb_wal_relevant_commits" does not exist, skipping
NOTICE:  schema "pg_temp" does not exist, skipping
NOTICE:  table "_fb_wal_lock_ids" does not exist, skipping
NOTICE:  table "_fb_wal_batch" does not exist, skipping
NOTICE:  table "_fb_wal_commits" does not exist, skipping
NOTICE:  table "_fb_wal_events" does not exist, skipping
NOTICE:  table "_fb_wal_relevant_commits" does not exist, skipping
NOTICE:  schema "pg_temp" does not exist, skipping
NOTICE:  table "_fb_wal_lock_ids" does not exist, skipping
NOTICE:  table "_fb_wal_batch" does not exist, skipping
NOTICE:  table "_fb_wal_commits" does not exist, skipping
NOTICE:  table "_fb_wal_events" does not exist, skipping
NOTICE:  table "_fb_wal_relevant_commits" does not exist, skipping
NOTICE:  schema "pg_temp" does not exist, skipping
NOTICE:  table "_fb_wal_lock_ids" does not exist, skipping
NOTICE:  table "_fb_wal_batch" does not exist, skipping
NOTICE:  table "_fb_wal_commits" does not exist, skipping
NOTICE:  table "_fb_wal_events" does not exist, skipping
NOTICE:  table "_fb_wal_relevant_commits" does not exist, skipping
NOTICE:  schema "pg_temp" does not exist, skipping
NOTICE:  table "_fb_wal_lock_ids" does not exist, skipping
NOTICE:  table "_fb_wal_batch" does not exist, skipping
NOTICE:  table "_fb_wal_commits" does not exist, skipping
NOTICE:  table "_fb_wal_events" does not exist, skipping
NOTICE:  table "_fb_wal_relevant_commits" does not exist, skipping
NOTICE:  schema "pg_temp" does not exist, skipping
NOTICE:  table "_fb_wal_lock_ids" does not exist, skipping
NOTICE:  table "_fb_wal_batch" does not exist, skipping
NOTICE:  table "_fb_wal_commits" does not exist, skipping
NOTICE:  table "_fb_wal_events" does not exist, skipping
NOTICE:  table "_fb_wal_relevant_commits" does not exist, skipping
NOTICE:  schema "pg_temp" does not exist, skipping
NOTICE:  table "_fb_wal_lock_ids" does not exist, skipping
NOTICE:  table "_fb_wal_batch" does not exist, skipping
NOTICE:  table "_fb_wal_commits" does not exist, skipping
NOTICE:  table "_fb_wal_events" does not exist, skipping
NOTICE:  table "_fb_wal_relevant_commits" does not exist, skipping
NOTICE:  schema "pg_temp" does not exist, skipping
NOTICE:  table "_fb_wal_lock_ids" does not exist, skipping
NOTICE:  table "_fb_wal_batch" does not exist, skipping
NOTICE:  table "_fb_wal_commits" does not exist, skipping
NOTICE:  table "_fb_wal_events" does not exist, skipping
NOTICE:  table "_fb_wal_relevant_commits" does not exist, skipping
NOTICE:  schema "pg_temp" does not exist, skipping
NOTICE:  table "_fb_wal_lock_ids" does not exist, skipping
NOTICE:  table "_fb_wal_batch" does not exist, skipping
NOTICE:  table "_fb_wal_commits" does not exist, skipping
NOTICE:  table "_fb_wal_events" does not exist, skipping
NOTICE:  table "_fb_wal_relevant_commits" does not exist, skipping
NOTICE:  schema "pg_temp" does not exist, skipping
NOTICE:  table "_fb_wal_lock_ids" does not exist, skipping
NOTICE:  table "_fb_wal_batch" does not exist, skipping
NOTICE:  table "_fb_wal_commits" does not exist, skipping
NOTICE:  table "_fb_wal_events" does not exist, skipping
NOTICE:  table "_fb_wal_relevant_commits" does not exist, skipping
NOTICE:  schema "pg_temp" does not exist, skipping
NOTICE:  table "_fb_wal_lock_ids" does not exist, skipping
NOTICE:  table "_fb_wal_batch" does not exist, skipping
NOTICE:  table "_fb_wal_commits" does not exist, skipping
NOTICE:  table "_fb_wal_events" does not exist, skipping
NOTICE:  table "_fb_wal_relevant_commits" does not exist, skipping
NOTICE:  schema "pg_temp" does not exist, skipping
NOTICE:  table "_fb_wal_lock_ids" does not exist, skipping
NOTICE:  table "_fb_wal_batch" does not exist, skipping
NOTICE:  table "_fb_wal_commits" does not exist, skipping
NOTICE:  table "_fb_wal_events" does not exist, skipping
NOTICE:  table "_fb_wal_relevant_commits" does not exist, skipping
NOTICE:  schema "pg_temp" does not exist, skipping
NOTICE:  table "_fb_wal_lock_ids" does not exist, skipping
NOTICE:  table "_fb_wal_batch" does not exist, skipping
NOTICE:  table "_fb_wal_commits" does not exist, skipping
NOTICE:  table "_fb_wal_events" does not exist, skipping
NOTICE:  table "_fb_wal_relevant_commits" does not exist, skipping
NOTICE:  schema "pg_temp" does not exist, skipping
NOTICE:  table "_fb_wal_lock_ids" does not exist, skipping
NOTICE:  table "_fb_wal_batch" does not exist, skipping
NOTICE:  table "_fb_wal_commits" does not exist, skipping
NOTICE:  table "_fb_wal_events" does not exist, skipping
NOTICE:  table "_fb_wal_relevant_commits" does not exist, skipping
NOTICE:  schema "pg_temp" does not exist, skipping
NOTICE:  table "_fb_wal_lock_ids" does not exist, skipping
NOTICE:  table "_fb_wal_batch" does not exist, skipping
NOTICE:  table "_fb_wal_commits" does not exist, skipping
NOTICE:  table "_fb_wal_events" does not exist, skipping
NOTICE:  table "_fb_wal_relevant_commits" does not exist, skipping
NOTICE:  schema "pg_temp" does not exist, skipping
NOTICE:  table "_fb_wal_lock_ids" does not exist, skipping
NOTICE:  table "_fb_wal_batch" does not exist, skipping
NOTICE:  table "_fb_wal_commits" does not exist, skipping
NOTICE:  table "_fb_wal_events" does not exist, skipping
NOTICE:  table "_fb_wal_relevant_commits" does not exist, skipping
[exact-candidate-drop] 21:49:52 repeated DROP progress 90/100
NOTICE:  schema "pg_temp" does not exist, skipping
NOTICE:  table "_fb_wal_lock_ids" does not exist, skipping
NOTICE:  table "_fb_wal_batch" does not exist, skipping
NOTICE:  table "_fb_wal_commits" does not exist, skipping
NOTICE:  table "_fb_wal_events" does not exist, skipping
NOTICE:  table "_fb_wal_relevant_commits" does not exist, skipping
NOTICE:  schema "pg_temp" does not exist, skipping
NOTICE:  table "_fb_wal_lock_ids" does not exist, skipping
NOTICE:  table "_fb_wal_batch" does not exist, skipping
NOTICE:  table "_fb_wal_commits" does not exist, skipping
NOTICE:  table "_fb_wal_events" does not exist, skipping
NOTICE:  table "_fb_wal_relevant_commits" does not exist, skipping
NOTICE:  schema "pg_temp" does not exist, skipping
NOTICE:  table "_fb_wal_lock_ids" does not exist, skipping
NOTICE:  table "_fb_wal_batch" does not exist, skipping
NOTICE:  table "_fb_wal_commits" does not exist, skipping
NOTICE:  table "_fb_wal_events" does not exist, skipping
NOTICE:  table "_fb_wal_relevant_commits" does not exist, skipping
NOTICE:  schema "pg_temp" does not exist, skipping
NOTICE:  table "_fb_wal_lock_ids" does not exist, skipping
NOTICE:  table "_fb_wal_batch" does not exist, skipping
NOTICE:  table "_fb_wal_commits" does not exist, skipping
NOTICE:  table "_fb_wal_events" does not exist, skipping
NOTICE:  table "_fb_wal_relevant_commits" does not exist, skipping
NOTICE:  schema "pg_temp" does not exist, skipping
NOTICE:  table "_fb_wal_lock_ids" does not exist, skipping
NOTICE:  table "_fb_wal_batch" does not exist, skipping
NOTICE:  table "_fb_wal_commits" does not exist, skipping
NOTICE:  table "_fb_wal_events" does not exist, skipping
NOTICE:  table "_fb_wal_relevant_commits" does not exist, skipping
NOTICE:  schema "pg_temp" does not exist, skipping
NOTICE:  table "_fb_wal_lock_ids" does not exist, skipping
NOTICE:  table "_fb_wal_batch" does not exist, skipping
NOTICE:  table "_fb_wal_commits" does not exist, skipping
NOTICE:  table "_fb_wal_events" does not exist, skipping
NOTICE:  table "_fb_wal_relevant_commits" does not exist, skipping
NOTICE:  schema "pg_temp" does not exist, skipping
NOTICE:  table "_fb_wal_lock_ids" does not exist, skipping
NOTICE:  table "_fb_wal_batch" does not exist, skipping
NOTICE:  table "_fb_wal_commits" does not exist, skipping
NOTICE:  table "_fb_wal_events" does not exist, skipping
NOTICE:  table "_fb_wal_relevant_commits" does not exist, skipping
NOTICE:  schema "pg_temp" does not exist, skipping
NOTICE:  table "_fb_wal_lock_ids" does not exist, skipping
NOTICE:  table "_fb_wal_batch" does not exist, skipping
NOTICE:  table "_fb_wal_commits" does not exist, skipping
NOTICE:  table "_fb_wal_events" does not exist, skipping
NOTICE:  table "_fb_wal_relevant_commits" does not exist, skipping
NOTICE:  schema "pg_temp" does not exist, skipping
NOTICE:  table "_fb_wal_lock_ids" does not exist, skipping
NOTICE:  table "_fb_wal_batch" does not exist, skipping
NOTICE:  table "_fb_wal_commits" does not exist, skipping
NOTICE:  table "_fb_wal_events" does not exist, skipping
NOTICE:  table "_fb_wal_relevant_commits" does not exist, skipping
NOTICE:  schema "pg_temp" does not exist, skipping
NOTICE:  table "_fb_wal_lock_ids" does not exist, skipping
NOTICE:  table "_fb_wal_batch" does not exist, skipping
NOTICE:  table "_fb_wal_commits" does not exist, skipping
NOTICE:  table "_fb_wal_events" does not exist, skipping
NOTICE:  table "_fb_wal_relevant_commits" does not exist, skipping
NOTICE:  schema "pg_temp" does not exist, skipping
NOTICE:  table "_fb_wal_lock_ids" does not exist, skipping
NOTICE:  table "_fb_wal_batch" does not exist, skipping
NOTICE:  table "_fb_wal_commits" does not exist, skipping
NOTICE:  table "_fb_wal_events" does not exist, skipping
NOTICE:  table "_fb_wal_relevant_commits" does not exist, skipping
NOTICE:  schema "pg_temp" does not exist, skipping
NOTICE:  table "_fb_wal_lock_ids" does not exist, skipping
NOTICE:  table "_fb_wal_batch" does not exist, skipping
NOTICE:  table "_fb_wal_commits" does not exist, skipping
NOTICE:  table "_fb_wal_events" does not exist, skipping
NOTICE:  table "_fb_wal_relevant_commits" does not exist, skipping
NOTICE:  schema "pg_temp" does not exist, skipping
NOTICE:  table "_fb_wal_lock_ids" does not exist, skipping
NOTICE:  table "_fb_wal_batch" does not exist, skipping
NOTICE:  table "_fb_wal_commits" does not exist, skipping
NOTICE:  table "_fb_wal_events" does not exist, skipping
NOTICE:  table "_fb_wal_relevant_commits" does not exist, skipping
NOTICE:  schema "pg_temp" does not exist, skipping
NOTICE:  table "_fb_wal_lock_ids" does not exist, skipping
NOTICE:  table "_fb_wal_batch" does not exist, skipping
NOTICE:  table "_fb_wal_commits" does not exist, skipping
NOTICE:  table "_fb_wal_events" does not exist, skipping
NOTICE:  table "_fb_wal_relevant_commits" does not exist, skipping
NOTICE:  schema "pg_temp" does not exist, skipping
NOTICE:  table "_fb_wal_lock_ids" does not exist, skipping
NOTICE:  table "_fb_wal_batch" does not exist, skipping
NOTICE:  table "_fb_wal_commits" does not exist, skipping
NOTICE:  table "_fb_wal_events" does not exist, skipping
NOTICE:  table "_fb_wal_relevant_commits" does not exist, skipping
NOTICE:  schema "pg_temp" does not exist, skipping
NOTICE:  table "_fb_wal_lock_ids" does not exist, skipping
NOTICE:  table "_fb_wal_batch" does not exist, skipping
NOTICE:  table "_fb_wal_commits" does not exist, skipping
NOTICE:  table "_fb_wal_events" does not exist, skipping
NOTICE:  table "_fb_wal_relevant_commits" does not exist, skipping
NOTICE:  schema "pg_temp" does not exist, skipping
NOTICE:  table "_fb_wal_lock_ids" does not exist, skipping
NOTICE:  table "_fb_wal_batch" does not exist, skipping
NOTICE:  table "_fb_wal_commits" does not exist, skipping
NOTICE:  table "_fb_wal_events" does not exist, skipping
NOTICE:  table "_fb_wal_relevant_commits" does not exist, skipping
NOTICE:  schema "pg_temp" does not exist, skipping
NOTICE:  table "_fb_wal_lock_ids" does not exist, skipping
NOTICE:  table "_fb_wal_batch" does not exist, skipping
NOTICE:  table "_fb_wal_commits" does not exist, skipping
NOTICE:  table "_fb_wal_events" does not exist, skipping
NOTICE:  table "_fb_wal_relevant_commits" does not exist, skipping
NOTICE:  schema "pg_temp" does not exist, skipping
NOTICE:  table "_fb_wal_lock_ids" does not exist, skipping
NOTICE:  table "_fb_wal_batch" does not exist, skipping
NOTICE:  table "_fb_wal_commits" does not exist, skipping
NOTICE:  table "_fb_wal_events" does not exist, skipping
NOTICE:  table "_fb_wal_relevant_commits" does not exist, skipping
NOTICE:  schema "pg_temp" does not exist, skipping
NOTICE:  table "_fb_wal_lock_ids" does not exist, skipping
NOTICE:  table "_fb_wal_batch" does not exist, skipping
NOTICE:  table "_fb_wal_commits" does not exist, skipping
NOTICE:  table "_fb_wal_events" does not exist, skipping
NOTICE:  table "_fb_wal_relevant_commits" does not exist, skipping
NOTICE:  schema "pg_temp" does not exist, skipping
NOTICE:  table "_fb_wal_lock_ids" does not exist, skipping
NOTICE:  table "_fb_wal_batch" does not exist, skipping
NOTICE:  table "_fb_wal_commits" does not exist, skipping
NOTICE:  table "_fb_wal_events" does not exist, skipping
NOTICE:  table "_fb_wal_relevant_commits" does not exist, skipping
NOTICE:  schema "pg_temp" does not exist, skipping
NOTICE:  table "_fb_wal_lock_ids" does not exist, skipping
NOTICE:  table "_fb_wal_batch" does not exist, skipping
NOTICE:  table "_fb_wal_commits" does not exist, skipping
NOTICE:  table "_fb_wal_events" does not exist, skipping
NOTICE:  table "_fb_wal_relevant_commits" does not exist, skipping
NOTICE:  schema "pg_temp" does not exist, skipping
NOTICE:  table "_fb_wal_lock_ids" does not exist, skipping
NOTICE:  table "_fb_wal_batch" does not exist, skipping
NOTICE:  table "_fb_wal_commits" does not exist, skipping
NOTICE:  table "_fb_wal_events" does not exist, skipping
NOTICE:  table "_fb_wal_relevant_commits" does not exist, skipping
NOTICE:  schema "pg_temp" does not exist, skipping
NOTICE:  table "_fb_wal_lock_ids" does not exist, skipping
NOTICE:  table "_fb_wal_batch" does not exist, skipping
NOTICE:  table "_fb_wal_commits" does not exist, skipping
NOTICE:  table "_fb_wal_events" does not exist, skipping
NOTICE:  table "_fb_wal_relevant_commits" does not exist, skipping
NOTICE:  schema "pg_temp" does not exist, skipping
NOTICE:  table "_fb_wal_lock_ids" does not exist, skipping
NOTICE:  table "_fb_wal_batch" does not exist, skipping
NOTICE:  table "_fb_wal_commits" does not exist, skipping
NOTICE:  table "_fb_wal_events" does not exist, skipping
NOTICE:  table "_fb_wal_relevant_commits" does not exist, skipping
NOTICE:  schema "pg_temp" does not exist, skipping
NOTICE:  table "_fb_wal_lock_ids" does not exist, skipping
NOTICE:  table "_fb_wal_batch" does not exist, skipping
NOTICE:  table "_fb_wal_commits" does not exist, skipping
NOTICE:  table "_fb_wal_events" does not exist, skipping
NOTICE:  table "_fb_wal_relevant_commits" does not exist, skipping
NOTICE:  schema "pg_temp" does not exist, skipping
NOTICE:  table "_fb_wal_lock_ids" does not exist, skipping
NOTICE:  table "_fb_wal_batch" does not exist, skipping
NOTICE:  table "_fb_wal_commits" does not exist, skipping
NOTICE:  table "_fb_wal_events" does not exist, skipping
NOTICE:  table "_fb_wal_relevant_commits" does not exist, skipping
[exact-candidate-drop] 21:49:59 repeated DROP progress 100/100
NOTICE:  schema "pg_temp" does not exist, skipping
NOTICE:  table "_fb_wal_lock_ids" does not exist, skipping
NOTICE:  table "_fb_wal_batch" does not exist, skipping
NOTICE:  table "_fb_wal_commits" does not exist, skipping
NOTICE:  table "_fb_wal_events" does not exist, skipping
NOTICE:  table "_fb_wal_relevant_commits" does not exist, skipping
[exact-candidate-drop] 21:49:59 building medium local DROP relation: 50000 rows
NOTICE:  schema "pg_temp" does not exist, skipping
NOTICE:  table "_fb_wal_lock_ids" does not exist, skipping
NOTICE:  table "_fb_wal_batch" does not exist, skipping
NOTICE:  table "_fb_wal_commits" does not exist, skipping
NOTICE:  table "_fb_wal_events" does not exist, skipping
NOTICE:  table "_fb_wal_relevant_commits" does not exist, skipping
NOTICE:  schema "pg_temp" does not exist, skipping
NOTICE:  table "_fb_wal_lock_ids" does not exist, skipping
NOTICE:  table "_fb_wal_batch" does not exist, skipping
NOTICE:  table "_fb_wal_commits" does not exist, skipping
NOTICE:  table "_fb_wal_events" does not exist, skipping
NOTICE:  table "_fb_wal_relevant_commits" does not exist, skipping
NOTICE:  schema "pg_temp" does not exist, skipping
NOTICE:  table "_fb_wal_lock_ids" does not exist, skipping
NOTICE:  table "_fb_wal_batch" does not exist, skipping
NOTICE:  table "_fb_wal_commits" does not exist, skipping
NOTICE:  table "_fb_wal_events" does not exist, skipping
NOTICE:  table "_fb_wal_relevant_commits" does not exist, skipping
NOTICE:  schema "pg_temp" does not exist, skipping
NOTICE:  table "_fb_wal_lock_ids" does not exist, skipping
NOTICE:  table "_fb_wal_batch" does not exist, skipping
NOTICE:  table "_fb_wal_commits" does not exist, skipping
NOTICE:  table "_fb_wal_events" does not exist, skipping
NOTICE:  table "_fb_wal_relevant_commits" does not exist, skipping
NOTICE:  schema "pg_temp" does not exist, skipping
NOTICE:  table "_fb_wal_lock_ids" does not exist, skipping
NOTICE:  table "_fb_wal_batch" does not exist, skipping
NOTICE:  table "_fb_wal_commits" does not exist, skipping
NOTICE:  table "_fb_wal_events" does not exist, skipping
NOTICE:  table "_fb_wal_relevant_commits" does not exist, skipping
NOTICE:  schema "pg_temp" does not exist, skipping
NOTICE:  table "_fb_wal_lock_ids" does not exist, skipping
NOTICE:  table "_fb_wal_batch" does not exist, skipping
NOTICE:  table "_fb_wal_commits" does not exist, skipping
NOTICE:  table "_fb_wal_events" does not exist, skipping
NOTICE:  table "_fb_wal_relevant_commits" does not exist, skipping
NOTICE:  schema "pg_temp" does not exist, skipping
NOTICE:  table "_fb_wal_lock_ids" does not exist, skipping
NOTICE:  table "_fb_wal_batch" does not exist, skipping
NOTICE:  table "_fb_wal_commits" does not exist, skipping
NOTICE:  table "_fb_wal_events" does not exist, skipping
NOTICE:  table "_fb_wal_relevant_commits" does not exist, skipping
NOTICE:  schema "pg_temp" does not exist, skipping
NOTICE:  table "_fb_wal_lock_ids" does not exist, skipping
NOTICE:  table "_fb_wal_batch" does not exist, skipping
NOTICE:  table "_fb_wal_commits" does not exist, skipping
NOTICE:  table "_fb_wal_events" does not exist, skipping
NOTICE:  table "_fb_wal_relevant_commits" does not exist, skipping
NOTICE:  schema "pg_temp" does not exist, skipping
NOTICE:  table "_fb_wal_lock_ids" does not exist, skipping
NOTICE:  table "_fb_wal_batch" does not exist, skipping
NOTICE:  table "_fb_wal_commits" does not exist, skipping
NOTICE:  table "_fb_wal_events" does not exist, skipping
NOTICE:  table "_fb_wal_relevant_commits" does not exist, skipping
NOTICE:  schema "pg_temp" does not exist, skipping
NOTICE:  table "_fb_wal_lock_ids" does not exist, skipping
NOTICE:  table "_fb_wal_batch" does not exist, skipping
NOTICE:  table "_fb_wal_commits" does not exist, skipping
NOTICE:  table "_fb_wal_events" does not exist, skipping
NOTICE:  table "_fb_wal_relevant_commits" does not exist, skipping
NOTICE:  schema "pg_temp" does not exist, skipping
NOTICE:  table "_fb_wal_lock_ids" does not exist, skipping
NOTICE:  table "_fb_wal_batch" does not exist, skipping
NOTICE:  table "_fb_wal_commits" does not exist, skipping
NOTICE:  table "_fb_wal_events" does not exist, skipping
NOTICE:  table "_fb_wal_relevant_commits" does not exist, skipping
NOTICE:  schema "pg_temp" does not exist, skipping
NOTICE:  table "_fb_wal_lock_ids" does not exist, skipping
NOTICE:  table "_fb_wal_batch" does not exist, skipping
NOTICE:  table "_fb_wal_commits" does not exist, skipping
NOTICE:  table "_fb_wal_events" does not exist, skipping
NOTICE:  table "_fb_wal_relevant_commits" does not exist, skipping
NOTICE:  schema "pg_temp" does not exist, skipping
NOTICE:  table "_fb_wal_lock_ids" does not exist, skipping
NOTICE:  table "_fb_wal_batch" does not exist, skipping
NOTICE:  table "_fb_wal_commits" does not exist, skipping
NOTICE:  table "_fb_wal_events" does not exist, skipping
NOTICE:  table "_fb_wal_relevant_commits" does not exist, skipping
NOTICE:  schema "pg_temp" does not exist, skipping
NOTICE:  table "_fb_wal_lock_ids" does not exist, skipping
NOTICE:  table "_fb_wal_batch" does not exist, skipping
NOTICE:  table "_fb_wal_commits" does not exist, skipping
NOTICE:  table "_fb_wal_events" does not exist, skipping
NOTICE:  table "_fb_wal_relevant_commits" does not exist, skipping
NOTICE:  schema "pg_temp" does not exist, skipping
NOTICE:  table "_fb_wal_lock_ids" does not exist, skipping
NOTICE:  table "_fb_wal_batch" does not exist, skipping
NOTICE:  table "_fb_wal_commits" does not exist, skipping
NOTICE:  table "_fb_wal_events" does not exist, skipping
NOTICE:  table "_fb_wal_relevant_commits" does not exist, skipping
NOTICE:  schema "pg_temp" does not exist, skipping
NOTICE:  table "_fb_wal_lock_ids" does not exist, skipping
NOTICE:  table "_fb_wal_batch" does not exist, skipping
NOTICE:  table "_fb_wal_commits" does not exist, skipping
NOTICE:  table "_fb_wal_events" does not exist, skipping
NOTICE:  table "_fb_wal_relevant_commits" does not exist, skipping
NOTICE:  schema "pg_temp" does not exist, skipping
NOTICE:  table "_fb_wal_lock_ids" does not exist, skipping
NOTICE:  table "_fb_wal_batch" does not exist, skipping
NOTICE:  table "_fb_wal_commits" does not exist, skipping
NOTICE:  table "_fb_wal_events" does not exist, skipping
NOTICE:  table "_fb_wal_relevant_commits" does not exist, skipping
NOTICE:  schema "pg_temp" does not exist, skipping
NOTICE:  table "_fb_wal_lock_ids" does not exist, skipping
NOTICE:  table "_fb_wal_batch" does not exist, skipping
NOTICE:  table "_fb_wal_commits" does not exist, skipping
NOTICE:  table "_fb_wal_events" does not exist, skipping
NOTICE:  table "_fb_wal_relevant_commits" does not exist, skipping
NOTICE:  schema "pg_temp" does not exist, skipping
NOTICE:  table "_fb_wal_lock_ids" does not exist, skipping
NOTICE:  table "_fb_wal_batch" does not exist, skipping
NOTICE:  table "_fb_wal_commits" does not exist, skipping
NOTICE:  table "_fb_wal_events" does not exist, skipping
NOTICE:  table "_fb_wal_relevant_commits" does not exist, skipping
NOTICE:  schema "pg_temp" does not exist, skipping
NOTICE:  table "_fb_wal_lock_ids" does not exist, skipping
NOTICE:  table "_fb_wal_batch" does not exist, skipping
NOTICE:  table "_fb_wal_commits" does not exist, skipping
NOTICE:  table "_fb_wal_events" does not exist, skipping
NOTICE:  table "_fb_wal_relevant_commits" does not exist, skipping
NOTICE:  schema "pg_temp" does not exist, skipping
NOTICE:  table "_fb_wal_lock_ids" does not exist, skipping
NOTICE:  table "_fb_wal_batch" does not exist, skipping
NOTICE:  table "_fb_wal_commits" does not exist, skipping
NOTICE:  table "_fb_wal_events" does not exist, skipping
NOTICE:  table "_fb_wal_relevant_commits" does not exist, skipping
NOTICE:  schema "pg_temp" does not exist, skipping
NOTICE:  table "_fb_wal_lock_ids" does not exist, skipping
NOTICE:  table "_fb_wal_batch" does not exist, skipping
NOTICE:  table "_fb_wal_commits" does not exist, skipping
NOTICE:  table "_fb_wal_events" does not exist, skipping
NOTICE:  table "_fb_wal_relevant_commits" does not exist, skipping
NOTICE:  schema "pg_temp" does not exist, skipping
NOTICE:  table "_fb_wal_lock_ids" does not exist, skipping
NOTICE:  table "_fb_wal_batch" does not exist, skipping
NOTICE:  table "_fb_wal_commits" does not exist, skipping
NOTICE:  table "_fb_wal_events" does not exist, skipping
NOTICE:  table "_fb_wal_relevant_commits" does not exist, skipping
NOTICE:  schema "pg_temp" does not exist, skipping
NOTICE:  table "_fb_wal_lock_ids" does not exist, skipping
NOTICE:  table "_fb_wal_batch" does not exist, skipping
NOTICE:  table "_fb_wal_commits" does not exist, skipping
NOTICE:  table "_fb_wal_events" does not exist, skipping
NOTICE:  table "_fb_wal_relevant_commits" does not exist, skipping
NOTICE:  schema "pg_temp" does not exist, skipping
NOTICE:  table "_fb_wal_lock_ids" does not exist, skipping
NOTICE:  table "_fb_wal_batch" does not exist, skipping
NOTICE:  table "_fb_wal_commits" does not exist, skipping
NOTICE:  table "_fb_wal_events" does not exist, skipping
NOTICE:  table "_fb_wal_relevant_commits" does not exist, skipping
NOTICE:  schema "pg_temp" does not exist, skipping
NOTICE:  table "_fb_wal_lock_ids" does not exist, skipping
NOTICE:  table "_fb_wal_batch" does not exist, skipping
NOTICE:  table "_fb_wal_commits" does not exist, skipping
NOTICE:  table "_fb_wal_events" does not exist, skipping
NOTICE:  table "_fb_wal_relevant_commits" does not exist, skipping
NOTICE:  schema "pg_temp" does not exist, skipping
NOTICE:  table "_fb_wal_lock_ids" does not exist, skipping
NOTICE:  table "_fb_wal_batch" does not exist, skipping
NOTICE:  table "_fb_wal_commits" does not exist, skipping
NOTICE:  table "_fb_wal_events" does not exist, skipping
NOTICE:  table "_fb_wal_relevant_commits" does not exist, skipping
NOTICE:  schema "pg_temp" does not exist, skipping
NOTICE:  table "_fb_wal_lock_ids" does not exist, skipping
NOTICE:  table "_fb_wal_batch" does not exist, skipping
NOTICE:  table "_fb_wal_commits" does not exist, skipping
NOTICE:  table "_fb_wal_events" does not exist, skipping
NOTICE:  table "_fb_wal_relevant_commits" does not exist, skipping
NOTICE:  schema "pg_temp" does not exist, skipping
NOTICE:  table "_fb_wal_lock_ids" does not exist, skipping
NOTICE:  table "_fb_wal_batch" does not exist, skipping
NOTICE:  table "_fb_wal_commits" does not exist, skipping
NOTICE:  table "_fb_wal_events" does not exist, skipping
NOTICE:  table "_fb_wal_relevant_commits" does not exist, skipping
NOTICE:  schema "pg_temp" does not exist, skipping
NOTICE:  table "_fb_wal_lock_ids" does not exist, skipping
NOTICE:  table "_fb_wal_batch" does not exist, skipping
NOTICE:  table "_fb_wal_commits" does not exist, skipping
NOTICE:  table "_fb_wal_events" does not exist, skipping
NOTICE:  table "_fb_wal_relevant_commits" does not exist, skipping
NOTICE:  schema "pg_temp" does not exist, skipping
NOTICE:  table "_fb_wal_lock_ids" does not exist, skipping
NOTICE:  table "_fb_wal_batch" does not exist, skipping
NOTICE:  table "_fb_wal_commits" does not exist, skipping
NOTICE:  table "_fb_wal_events" does not exist, skipping
NOTICE:  table "_fb_wal_relevant_commits" does not exist, skipping
NOTICE:  schema "pg_temp" does not exist, skipping
NOTICE:  table "_fb_wal_lock_ids" does not exist, skipping
NOTICE:  table "_fb_wal_batch" does not exist, skipping
NOTICE:  table "_fb_wal_commits" does not exist, skipping
NOTICE:  table "_fb_wal_events" does not exist, skipping
NOTICE:  table "_fb_wal_relevant_commits" does not exist, skipping
NOTICE:  schema "pg_temp" does not exist, skipping
NOTICE:  table "_fb_wal_lock_ids" does not exist, skipping
NOTICE:  table "_fb_wal_batch" does not exist, skipping
NOTICE:  table "_fb_wal_commits" does not exist, skipping
NOTICE:  table "_fb_wal_events" does not exist, skipping
NOTICE:  table "_fb_wal_relevant_commits" does not exist, skipping
NOTICE:  schema "pg_temp" does not exist, skipping
NOTICE:  table "_fb_wal_lock_ids" does not exist, skipping
NOTICE:  table "_fb_wal_batch" does not exist, skipping
NOTICE:  table "_fb_wal_commits" does not exist, skipping
NOTICE:  table "_fb_wal_events" does not exist, skipping
NOTICE:  table "_fb_wal_relevant_commits" does not exist, skipping
NOTICE:  schema "pg_temp" does not exist, skipping
NOTICE:  table "_fb_wal_lock_ids" does not exist, skipping
NOTICE:  table "_fb_wal_batch" does not exist, skipping
NOTICE:  table "_fb_wal_commits" does not exist, skipping
NOTICE:  table "_fb_wal_events" does not exist, skipping
NOTICE:  table "_fb_wal_relevant_commits" does not exist, skipping
NOTICE:  schema "pg_temp" does not exist, skipping
NOTICE:  table "_fb_wal_lock_ids" does not exist, skipping
NOTICE:  table "_fb_wal_batch" does not exist, skipping
NOTICE:  table "_fb_wal_commits" does not exist, skipping
NOTICE:  table "_fb_wal_events" does not exist, skipping
NOTICE:  table "_fb_wal_relevant_commits" does not exist, skipping
NOTICE:  schema "pg_temp" does not exist, skipping
NOTICE:  table "_fb_wal_lock_ids" does not exist, skipping
NOTICE:  table "_fb_wal_batch" does not exist, skipping
NOTICE:  table "_fb_wal_commits" does not exist, skipping
NOTICE:  table "_fb_wal_events" does not exist, skipping
NOTICE:  table "_fb_wal_relevant_commits" does not exist, skipping
NOTICE:  schema "pg_temp" does not exist, skipping
NOTICE:  table "_fb_wal_lock_ids" does not exist, skipping
NOTICE:  table "_fb_wal_batch" does not exist, skipping
NOTICE:  table "_fb_wal_commits" does not exist, skipping
NOTICE:  table "_fb_wal_events" does not exist, skipping
NOTICE:  table "_fb_wal_relevant_commits" does not exist, skipping
NOTICE:  schema "pg_temp" does not exist, skipping
NOTICE:  table "_fb_wal_lock_ids" does not exist, skipping
NOTICE:  table "_fb_wal_batch" does not exist, skipping
NOTICE:  table "_fb_wal_commits" does not exist, skipping
NOTICE:  table "_fb_wal_events" does not exist, skipping
NOTICE:  table "_fb_wal_relevant_commits" does not exist, skipping
NOTICE:  schema "pg_temp" does not exist, skipping
NOTICE:  table "_fb_wal_lock_ids" does not exist, skipping
NOTICE:  table "_fb_wal_batch" does not exist, skipping
NOTICE:  table "_fb_wal_commits" does not exist, skipping
NOTICE:  table "_fb_wal_events" does not exist, skipping
NOTICE:  table "_fb_wal_relevant_commits" does not exist, skipping
NOTICE:  schema "pg_temp" does not exist, skipping
NOTICE:  table "_fb_wal_lock_ids" does not exist, skipping
NOTICE:  table "_fb_wal_batch" does not exist, skipping
NOTICE:  table "_fb_wal_commits" does not exist, skipping
NOTICE:  table "_fb_wal_events" does not exist, skipping
NOTICE:  table "_fb_wal_relevant_commits" does not exist, skipping
NOTICE:  schema "pg_temp" does not exist, skipping
NOTICE:  table "_fb_wal_lock_ids" does not exist, skipping
NOTICE:  table "_fb_wal_batch" does not exist, skipping
NOTICE:  table "_fb_wal_commits" does not exist, skipping
NOTICE:  table "_fb_wal_events" does not exist, skipping
NOTICE:  table "_fb_wal_relevant_commits" does not exist, skipping
NOTICE:  schema "pg_temp" does not exist, skipping
NOTICE:  table "_fb_wal_lock_ids" does not exist, skipping
NOTICE:  table "_fb_wal_batch" does not exist, skipping
NOTICE:  table "_fb_wal_commits" does not exist, skipping
NOTICE:  table "_fb_wal_events" does not exist, skipping
NOTICE:  table "_fb_wal_relevant_commits" does not exist, skipping
NOTICE:  schema "pg_temp" does not exist, skipping
NOTICE:  table "_fb_wal_lock_ids" does not exist, skipping
NOTICE:  table "_fb_wal_batch" does not exist, skipping
NOTICE:  table "_fb_wal_commits" does not exist, skipping
NOTICE:  table "_fb_wal_events" does not exist, skipping
NOTICE:  table "_fb_wal_relevant_commits" does not exist, skipping
NOTICE:  schema "pg_temp" does not exist, skipping
NOTICE:  table "_fb_wal_lock_ids" does not exist, skipping
NOTICE:  table "_fb_wal_batch" does not exist, skipping
NOTICE:  table "_fb_wal_commits" does not exist, skipping
NOTICE:  table "_fb_wal_events" does not exist, skipping
NOTICE:  table "_fb_wal_relevant_commits" does not exist, skipping
NOTICE:  schema "pg_temp" does not exist, skipping
NOTICE:  table "_fb_wal_lock_ids" does not exist, skipping
NOTICE:  table "_fb_wal_batch" does not exist, skipping
NOTICE:  table "_fb_wal_commits" does not exist, skipping
NOTICE:  table "_fb_wal_events" does not exist, skipping
NOTICE:  table "_fb_wal_relevant_commits" does not exist, skipping
NOTICE:  schema "pg_temp" does not exist, skipping
NOTICE:  table "_fb_wal_lock_ids" does not exist, skipping
NOTICE:  table "_fb_wal_batch" does not exist, skipping
NOTICE:  table "_fb_wal_commits" does not exist, skipping
NOTICE:  table "_fb_wal_events" does not exist, skipping
NOTICE:  table "_fb_wal_relevant_commits" does not exist, skipping
NOTICE:  schema "pg_temp" does not exist, skipping
NOTICE:  table "_fb_wal_lock_ids" does not exist, skipping
NOTICE:  table "_fb_wal_batch" does not exist, skipping
NOTICE:  table "_fb_wal_commits" does not exist, skipping
NOTICE:  table "_fb_wal_events" does not exist, skipping
NOTICE:  table "_fb_wal_relevant_commits" does not exist, skipping
NOTICE:  schema "pg_temp" does not exist, skipping
NOTICE:  table "_fb_wal_lock_ids" does not exist, skipping
NOTICE:  table "_fb_wal_batch" does not exist, skipping
NOTICE:  table "_fb_wal_commits" does not exist, skipping
NOTICE:  table "_fb_wal_events" does not exist, skipping
NOTICE:  table "_fb_wal_relevant_commits" does not exist, skipping
NOTICE:  schema "pg_temp" does not exist, skipping
NOTICE:  table "_fb_wal_lock_ids" does not exist, skipping
NOTICE:  table "_fb_wal_batch" does not exist, skipping
NOTICE:  table "_fb_wal_commits" does not exist, skipping
NOTICE:  table "_fb_wal_events" does not exist, skipping
NOTICE:  table "_fb_wal_relevant_commits" does not exist, skipping
NOTICE:  schema "pg_temp" does not exist, skipping
NOTICE:  table "_fb_wal_lock_ids" does not exist, skipping
NOTICE:  table "_fb_wal_batch" does not exist, skipping
NOTICE:  table "_fb_wal_commits" does not exist, skipping
NOTICE:  table "_fb_wal_events" does not exist, skipping
NOTICE:  table "_fb_wal_relevant_commits" does not exist, skipping
NOTICE:  schema "pg_temp" does not exist, skipping
NOTICE:  table "_fb_wal_lock_ids" does not exist, skipping
NOTICE:  table "_fb_wal_batch" does not exist, skipping
NOTICE:  table "_fb_wal_commits" does not exist, skipping
NOTICE:  table "_fb_wal_events" does not exist, skipping
NOTICE:  table "_fb_wal_relevant_commits" does not exist, skipping
NOTICE:  schema "pg_temp" does not exist, skipping
NOTICE:  table "_fb_wal_lock_ids" does not exist, skipping
NOTICE:  table "_fb_wal_batch" does not exist, skipping
NOTICE:  table "_fb_wal_commits" does not exist, skipping
NOTICE:  table "_fb_wal_events" does not exist, skipping
NOTICE:  table "_fb_wal_relevant_commits" does not exist, skipping
NOTICE:  schema "pg_temp" does not exist, skipping
NOTICE:  table "_fb_wal_lock_ids" does not exist, skipping
NOTICE:  table "_fb_wal_batch" does not exist, skipping
NOTICE:  table "_fb_wal_commits" does not exist, skipping
NOTICE:  table "_fb_wal_events" does not exist, skipping
NOTICE:  table "_fb_wal_relevant_commits" does not exist, skipping
NOTICE:  schema "pg_temp" does not exist, skipping
NOTICE:  table "_fb_wal_lock_ids" does not exist, skipping
NOTICE:  table "_fb_wal_batch" does not exist, skipping
NOTICE:  table "_fb_wal_commits" does not exist, skipping
NOTICE:  table "_fb_wal_events" does not exist, skipping
NOTICE:  table "_fb_wal_relevant_commits" does not exist, skipping
NOTICE:  schema "pg_temp" does not exist, skipping
NOTICE:  table "_fb_wal_lock_ids" does not exist, skipping
NOTICE:  table "_fb_wal_batch" does not exist, skipping
NOTICE:  table "_fb_wal_commits" does not exist, skipping
NOTICE:  table "_fb_wal_events" does not exist, skipping
NOTICE:  table "_fb_wal_relevant_commits" does not exist, skipping
NOTICE:  schema "pg_temp" does not exist, skipping
NOTICE:  table "_fb_wal_lock_ids" does not exist, skipping
NOTICE:  table "_fb_wal_batch" does not exist, skipping
NOTICE:  table "_fb_wal_commits" does not exist, skipping
NOTICE:  table "_fb_wal_events" does not exist, skipping
NOTICE:  table "_fb_wal_relevant_commits" does not exist, skipping
NOTICE:  schema "pg_temp" does not exist, skipping
NOTICE:  table "_fb_wal_lock_ids" does not exist, skipping
NOTICE:  table "_fb_wal_batch" does not exist, skipping
NOTICE:  table "_fb_wal_commits" does not exist, skipping
NOTICE:  table "_fb_wal_events" does not exist, skipping
NOTICE:  table "_fb_wal_relevant_commits" does not exist, skipping
NOTICE:  schema "pg_temp" does not exist, skipping
NOTICE:  table "_fb_wal_lock_ids" does not exist, skipping
NOTICE:  table "_fb_wal_batch" does not exist, skipping
NOTICE:  table "_fb_wal_commits" does not exist, skipping
NOTICE:  table "_fb_wal_events" does not exist, skipping
NOTICE:  table "_fb_wal_relevant_commits" does not exist, skipping
NOTICE:  schema "pg_temp" does not exist, skipping
NOTICE:  table "_fb_wal_lock_ids" does not exist, skipping
NOTICE:  table "_fb_wal_batch" does not exist, skipping
NOTICE:  table "_fb_wal_commits" does not exist, skipping
NOTICE:  table "_fb_wal_events" does not exist, skipping
NOTICE:  table "_fb_wal_relevant_commits" does not exist, skipping
NOTICE:  schema "pg_temp" does not exist, skipping
NOTICE:  table "_fb_wal_lock_ids" does not exist, skipping
NOTICE:  table "_fb_wal_batch" does not exist, skipping
NOTICE:  table "_fb_wal_commits" does not exist, skipping
NOTICE:  table "_fb_wal_events" does not exist, skipping
NOTICE:  table "_fb_wal_relevant_commits" does not exist, skipping
NOTICE:  schema "pg_temp" does not exist, skipping
NOTICE:  table "_fb_wal_lock_ids" does not exist, skipping
NOTICE:  table "_fb_wal_batch" does not exist, skipping
NOTICE:  table "_fb_wal_commits" does not exist, skipping
NOTICE:  table "_fb_wal_events" does not exist, skipping
NOTICE:  table "_fb_wal_relevant_commits" does not exist, skipping
NOTICE:  schema "pg_temp" does not exist, skipping
NOTICE:  table "_fb_wal_lock_ids" does not exist, skipping
NOTICE:  table "_fb_wal_batch" does not exist, skipping
NOTICE:  table "_fb_wal_commits" does not exist, skipping
NOTICE:  table "_fb_wal_events" does not exist, skipping
NOTICE:  table "_fb_wal_relevant_commits" does not exist, skipping
NOTICE:  schema "pg_temp" does not exist, skipping
NOTICE:  table "_fb_wal_lock_ids" does not exist, skipping
NOTICE:  table "_fb_wal_batch" does not exist, skipping
NOTICE:  table "_fb_wal_commits" does not exist, skipping
NOTICE:  table "_fb_wal_events" does not exist, skipping
NOTICE:  table "_fb_wal_relevant_commits" does not exist, skipping
NOTICE:  schema "pg_temp" does not exist, skipping
NOTICE:  table "_fb_wal_lock_ids" does not exist, skipping
NOTICE:  table "_fb_wal_batch" does not exist, skipping
NOTICE:  table "_fb_wal_commits" does not exist, skipping
NOTICE:  table "_fb_wal_events" does not exist, skipping
NOTICE:  table "_fb_wal_relevant_commits" does not exist, skipping
NOTICE:  schema "pg_temp" does not exist, skipping
NOTICE:  table "_fb_wal_lock_ids" does not exist, skipping
NOTICE:  table "_fb_wal_batch" does not exist, skipping
NOTICE:  table "_fb_wal_commits" does not exist, skipping
NOTICE:  table "_fb_wal_events" does not exist, skipping
NOTICE:  table "_fb_wal_relevant_commits" does not exist, skipping
NOTICE:  schema "pg_temp" does not exist, skipping
NOTICE:  table "_fb_wal_lock_ids" does not exist, skipping
NOTICE:  table "_fb_wal_batch" does not exist, skipping
NOTICE:  table "_fb_wal_commits" does not exist, skipping
NOTICE:  table "_fb_wal_events" does not exist, skipping
NOTICE:  table "_fb_wal_relevant_commits" does not exist, skipping
NOTICE:  schema "pg_temp" does not exist, skipping
NOTICE:  table "_fb_wal_lock_ids" does not exist, skipping
NOTICE:  table "_fb_wal_batch" does not exist, skipping
NOTICE:  table "_fb_wal_commits" does not exist, skipping
NOTICE:  table "_fb_wal_events" does not exist, skipping
NOTICE:  table "_fb_wal_relevant_commits" does not exist, skipping
NOTICE:  schema "pg_temp" does not exist, skipping
NOTICE:  table "_fb_wal_lock_ids" does not exist, skipping
NOTICE:  table "_fb_wal_batch" does not exist, skipping
NOTICE:  table "_fb_wal_commits" does not exist, skipping
NOTICE:  table "_fb_wal_events" does not exist, skipping
NOTICE:  table "_fb_wal_relevant_commits" does not exist, skipping
NOTICE:  schema "pg_temp" does not exist, skipping
NOTICE:  table "_fb_wal_lock_ids" does not exist, skipping
NOTICE:  table "_fb_wal_batch" does not exist, skipping
NOTICE:  table "_fb_wal_commits" does not exist, skipping
NOTICE:  table "_fb_wal_events" does not exist, skipping
NOTICE:  table "_fb_wal_relevant_commits" does not exist, skipping
NOTICE:  schema "pg_temp" does not exist, skipping
NOTICE:  table "_fb_wal_lock_ids" does not exist, skipping
NOTICE:  table "_fb_wal_batch" does not exist, skipping
NOTICE:  table "_fb_wal_commits" does not exist, skipping
NOTICE:  table "_fb_wal_events" does not exist, skipping
NOTICE:  table "_fb_wal_relevant_commits" does not exist, skipping
NOTICE:  schema "pg_temp" does not exist, skipping
NOTICE:  table "_fb_wal_lock_ids" does not exist, skipping
NOTICE:  table "_fb_wal_batch" does not exist, skipping
NOTICE:  table "_fb_wal_commits" does not exist, skipping
NOTICE:  table "_fb_wal_events" does not exist, skipping
NOTICE:  table "_fb_wal_relevant_commits" does not exist, skipping
NOTICE:  schema "pg_temp" does not exist, skipping
NOTICE:  table "_fb_wal_lock_ids" does not exist, skipping
NOTICE:  table "_fb_wal_batch" does not exist, skipping
NOTICE:  table "_fb_wal_commits" does not exist, skipping
NOTICE:  table "_fb_wal_events" does not exist, skipping
NOTICE:  table "_fb_wal_relevant_commits" does not exist, skipping
NOTICE:  schema "pg_temp" does not exist, skipping
NOTICE:  table "_fb_wal_lock_ids" does not exist, skipping
NOTICE:  table "_fb_wal_batch" does not exist, skipping
NOTICE:  table "_fb_wal_commits" does not exist, skipping
NOTICE:  table "_fb_wal_events" does not exist, skipping
NOTICE:  table "_fb_wal_relevant_commits" does not exist, skipping
[exact-candidate-drop] 21:50:41 building quoted/TOAST DROP relation: 2000 rows
NOTICE:  schema "pg_temp" does not exist, skipping
NOTICE:  table "_fb_wal_lock_ids" does not exist, skipping
NOTICE:  table "_fb_wal_batch" does not exist, skipping
NOTICE:  table "_fb_wal_commits" does not exist, skipping
NOTICE:  table "_fb_wal_events" does not exist, skipping
NOTICE:  table "_fb_wal_relevant_commits" does not exist, skipping
NOTICE:  schema "pg_temp" does not exist, skipping
NOTICE:  table "_fb_wal_lock_ids" does not exist, skipping
NOTICE:  table "_fb_wal_batch" does not exist, skipping
NOTICE:  table "_fb_wal_commits" does not exist, skipping
NOTICE:  table "_fb_wal_events" does not exist, skipping
NOTICE:  table "_fb_wal_relevant_commits" does not exist, skipping
NOTICE:  schema "pg_temp" does not exist, skipping
NOTICE:  table "_fb_wal_lock_ids" does not exist, skipping
NOTICE:  table "_fb_wal_batch" does not exist, skipping
NOTICE:  table "_fb_wal_commits" does not exist, skipping
NOTICE:  table "_fb_wal_events" does not exist, skipping
NOTICE:  table "_fb_wal_relevant_commits" does not exist, skipping
[exact-candidate-drop] 21:50:43 building backup DROP relation: 20000 base + 1000 WAL rows
[exact-candidate-drop] 21:50:47 backup anchor 20260723-215044F stop=0/48000110
NOTICE:  schema "pg_temp" does not exist, skipping
NOTICE:  table "_fb_wal_lock_ids" does not exist, skipping
NOTICE:  table "_fb_wal_batch" does not exist, skipping
NOTICE:  table "_fb_wal_commits" does not exist, skipping
NOTICE:  table "_fb_wal_events" does not exist, skipping
NOTICE:  table "_fb_wal_relevant_commits" does not exist, skipping
NOTICE:  table "backup_drop_medium" does not exist, skipping
NOTICE:  schema "pg_temp" does not exist, skipping
NOTICE:  table "_fb_wal_lock_ids" does not exist, skipping
NOTICE:  table "_fb_wal_batch" does not exist, skipping
NOTICE:  table "_fb_wal_commits" does not exist, skipping
NOTICE:  table "_fb_wal_events" does not exist, skipping
NOTICE:  table "_fb_wal_relevant_commits" does not exist, skipping
[exact-candidate-drop] 21:50:54 DROP qualification passed: 103 destructive DROP-to-restore cases
[exact-candidate-drop] 21:50:54 result written: /home/caghan.linux/table-restore/pg_flashback/target/exact-candidate-drop/results/exact-candidate-drop-20260723T184917Z-70840.json status=passed drops=103/103
[exact-candidate-drop] 21:50:54 artifacts kept at /home/caghan.linux/table-restore/pg_flashback/target/exact-candidate-drop/runs/20260723T184917Z-70840
[exact-wal-matrix] 21:50:54 passed: drop_qualification
[exact-wal-matrix] 21:50:54 running drop_adversarial: env CANDIDATE_DIR=/home/caghan.linux/table-restore/pg_flashback/target/candidate/722dabfe3d40a152a0308148f0fe12c794f6f49d /home/caghan.linux/table-restore/pg_flashback/scripts/run_exact_candidate_drop_adversarial.sh
[drop-adversarial] 21:50:55 PASS[1]: cli_doctor
[drop-adversarial] 21:50:55 PASS[2]: control_chars_rejected
[drop-adversarial] 21:50:55 PASS[3]: unlogged_rejected
[drop-adversarial] 21:50:55 PASS[4]: partitioned_rejected
NOTICE:  pg_flashback: created logical replication slot pg_flashback_postgres
NOTICE:  table "__fb_lsn_shadow_1" does not exist, skipping
NOTICE:  table "__fb_lsn_shadow_1" does not exist, skipping
NOTICE:  table "orders" does not exist, skipping
NOTICE:  pg_flashback: restore applied at target LSN 0/1849C40; successor coverage is pending until this transaction COMMIT is consumed. Check flashback_health() before another historical operation.
[drop-adversarial] 21:50:56 PASS[5]: schema_drop_recover
[drop-adversarial] 21:50:56 PASS[6]: same_name_identity_conflict
[drop-adversarial] 21:50:56 PASS[7]: slot_loss_drop_path
NOTICE:  pg_flashback: created logical replication slot pg_flashback_postgres
[drop-adversarial] 21:50:59 PASS[8]: concurrent_recover
[drop-adversarial] 21:50:59 PASS[9]: protect_idempotent
[drop-adversarial] 21:51:01 PASS[10]: capacity_reject_recover
[drop-adversarial] 21:51:32 PASS[11]: zero_drop_events
[drop-adversarial] 21:51:34 PASS[12]: latest_drop_no_silent_fallback
NOTICE:  table "__fb_lsn_shadow_7" does not exist, skipping
NOTICE:  table "__fb_lsn_shadow_7" does not exist, skipping
NOTICE:  table "adv_fp" does not exist, skipping
NOTICE:  pg_flashback: restore applied at target LSN 0/1C5AD30; successor coverage is pending until this transaction COMMIT is consumed. Check flashback_health() before another historical operation.
[drop-adversarial] 21:51:36 PASS[13]: failpoint_before_materialize
[drop-adversarial] 21:51:36 result: /home/caghan.linux/table-restore/pg_flashback/target/exact-candidate-drop-adversarial/results/drop-adversarial-20260723T185054Z-83937.json status=passed passed=13 failed=0
[exact-wal-matrix] 21:51:36 passed: drop_adversarial
[exact-wal-matrix] 21:51:36 result: /home/caghan.linux/table-restore/pg_flashback/target/exact-wal-matrix/results/exact-wal-matrix-20260723T184903Z-70021.json
