[exact-wal-matrix] 03:35:04 running functional_suite: env CANDIDATE_DIR=/home/caghan.linux/table-restore/pg_flashback/target/candidate/b3b8ba5d8730dd80595f7c51764dd0e4e0641b03 /home/caghan.linux/table-restore/pg_flashback/scripts/run_exact_candidate_functional_suite.sh
2026-07-23 03:35:04.807 P00   INFO: stanza-create command begin 2.53.1: --config=/home/caghan.linux/table-restore/pg_flashback/target/exact-candidate-functional/runs/20260723T003504Z-2129799/pgbackrest.conf --exec-id=2129918-e058c973 --log-level-console=info --log-level-file=detail --log-path=/home/caghan.linux/table-restore/pg_flashback/target/exact-candidate-functional/runs/20260723T003504Z-2129799/log --pg1-path=/home/caghan.linux/table-restore/pg_flashback/target/exact-candidate-functional/runs/20260723T003504Z-2129799/primary --pg1-port=44799 --pg1-socket-path=/tmp/pgfb-func-20260723T003504Z-2129799 --repo1-path=/home/caghan.linux/table-restore/pg_flashback/target/exact-candidate-functional/runs/20260723T003504Z-2129799/repo --stanza=exact_func
2026-07-23 03:35:05.415 P00   INFO: stanza-create for stanza 'exact_func' on repo1
2026-07-23 03:35:05.421 P00   INFO: stanza-create command end: completed successfully (615ms)
NOTICE:  pg_flashback: created logical replication slot pg_flashback_funcdb
NOTICE:  schema "pg_temp" does not exist, skipping
NOTICE:  table "_fb_wal_lock_ids" does not exist, skipping
NOTICE:  table "_fb_wal_batch" does not exist, skipping
NOTICE:  table "_fb_wal_commits" does not exist, skipping
NOTICE:  table "_fb_wal_events" does not exist, skipping
NOTICE:  table "_fb_wal_relevant_commits" does not exist, skipping
NOTICE:  schema "pg_temp" does not exist, skipping
NOTICE:  table "_fb_wal_lock_ids" does not exist, skipping
NOTICE:  table "_fb_wal_batch" does not exist, skipping
NOTICE:  table "_fb_wal_commits" does not exist, skipping
NOTICE:  table "_fb_wal_events" does not exist, skipping
NOTICE:  table "_fb_wal_relevant_commits" does not exist, skipping
NOTICE:  schema "pg_temp" does not exist, skipping
NOTICE:  table "_fb_wal_lock_ids" does not exist, skipping
NOTICE:  table "_fb_wal_batch" does not exist, skipping
NOTICE:  table "_fb_wal_commits" does not exist, skipping
NOTICE:  table "_fb_wal_events" does not exist, skipping
NOTICE:  table "_fb_wal_relevant_commits" does not exist, skipping
NOTICE:  schema "pg_temp" does not exist, skipping
NOTICE:  table "_fb_wal_lock_ids" does not exist, skipping
NOTICE:  table "_fb_wal_batch" does not exist, skipping
NOTICE:  table "_fb_wal_commits" does not exist, skipping
NOTICE:  table "_fb_wal_events" does not exist, skipping
NOTICE:  table "_fb_wal_relevant_commits" does not exist, skipping
NOTICE:  schema "pg_temp" does not exist, skipping
NOTICE:  table "_fb_wal_lock_ids" does not exist, skipping
NOTICE:  table "_fb_wal_batch" does not exist, skipping
NOTICE:  table "_fb_wal_commits" does not exist, skipping
NOTICE:  table "_fb_wal_events" does not exist, skipping
NOTICE:  table "_fb_wal_relevant_commits" does not exist, skipping
NOTICE:  schema "pg_temp" does not exist, skipping
NOTICE:  table "_fb_wal_lock_ids" does not exist, skipping
NOTICE:  table "_fb_wal_batch" does not exist, skipping
NOTICE:  table "_fb_wal_commits" does not exist, skipping
NOTICE:  table "_fb_wal_events" does not exist, skipping
NOTICE:  table "_fb_wal_relevant_commits" does not exist, skipping
[exact-candidate-functional] 03:35:06 PASS[1]: local_dml
NOTICE:  schema "pg_temp" does not exist, skipping
NOTICE:  table "_fb_wal_lock_ids" does not exist, skipping
NOTICE:  table "_fb_wal_batch" does not exist, skipping
NOTICE:  table "_fb_wal_commits" does not exist, skipping
NOTICE:  table "_fb_wal_events" does not exist, skipping
NOTICE:  table "_fb_wal_relevant_commits" does not exist, skipping
NOTICE:  schema "pg_temp" does not exist, skipping
NOTICE:  table "_fb_wal_lock_ids" does not exist, skipping
NOTICE:  table "_fb_wal_batch" does not exist, skipping
NOTICE:  table "_fb_wal_commits" does not exist, skipping
NOTICE:  table "_fb_wal_events" does not exist, skipping
NOTICE:  table "_fb_wal_relevant_commits" does not exist, skipping
NOTICE:  schema "pg_temp" does not exist, skipping
NOTICE:  table "_fb_wal_lock_ids" does not exist, skipping
NOTICE:  table "_fb_wal_batch" does not exist, skipping
NOTICE:  table "_fb_wal_commits" does not exist, skipping
NOTICE:  table "_fb_wal_events" does not exist, skipping
NOTICE:  table "_fb_wal_relevant_commits" does not exist, skipping
NOTICE:  schema "pg_temp" does not exist, skipping
NOTICE:  table "_fb_wal_lock_ids" does not exist, skipping
NOTICE:  table "_fb_wal_batch" does not exist, skipping
NOTICE:  table "_fb_wal_commits" does not exist, skipping
NOTICE:  table "_fb_wal_events" does not exist, skipping
NOTICE:  table "_fb_wal_relevant_commits" does not exist, skipping
[exact-candidate-functional] 03:35:06 PASS[2]: local_drop_restore
NOTICE:  schema "pg_temp" does not exist, skipping
NOTICE:  table "_fb_wal_lock_ids" does not exist, skipping
NOTICE:  table "_fb_wal_batch" does not exist, skipping
NOTICE:  table "_fb_wal_commits" does not exist, skipping
NOTICE:  table "_fb_wal_events" does not exist, skipping
NOTICE:  table "_fb_wal_relevant_commits" does not exist, skipping
NOTICE:  schema "pg_temp" does not exist, skipping
NOTICE:  table "_fb_wal_lock_ids" does not exist, skipping
NOTICE:  table "_fb_wal_batch" does not exist, skipping
NOTICE:  table "_fb_wal_commits" does not exist, skipping
NOTICE:  table "_fb_wal_events" does not exist, skipping
NOTICE:  table "_fb_wal_relevant_commits" does not exist, skipping
NOTICE:  schema "pg_temp" does not exist, skipping
NOTICE:  table "_fb_wal_lock_ids" does not exist, skipping
NOTICE:  table "_fb_wal_batch" does not exist, skipping
NOTICE:  table "_fb_wal_commits" does not exist, skipping
NOTICE:  table "_fb_wal_events" does not exist, skipping
NOTICE:  table "_fb_wal_relevant_commits" does not exist, skipping
[exact-candidate-functional] 03:35:07 PASS[3]: local_truncate_restore
NOTICE:  schema "pg_temp" does not exist, skipping
NOTICE:  table "_fb_wal_lock_ids" does not exist, skipping
NOTICE:  table "_fb_wal_batch" does not exist, skipping
NOTICE:  table "_fb_wal_commits" does not exist, skipping
NOTICE:  table "_fb_wal_events" does not exist, skipping
NOTICE:  table "_fb_wal_relevant_commits" does not exist, skipping
NOTICE:  schema "pg_temp" does not exist, skipping
NOTICE:  table "_fb_wal_lock_ids" does not exist, skipping
NOTICE:  table "_fb_wal_batch" does not exist, skipping
NOTICE:  table "_fb_wal_commits" does not exist, skipping
NOTICE:  table "_fb_wal_events" does not exist, skipping
NOTICE:  table "_fb_wal_relevant_commits" does not exist, skipping
NOTICE:  schema "pg_temp" does not exist, skipping
NOTICE:  table "_fb_wal_lock_ids" does not exist, skipping
NOTICE:  table "_fb_wal_batch" does not exist, skipping
NOTICE:  table "_fb_wal_commits" does not exist, skipping
NOTICE:  table "_fb_wal_events" does not exist, skipping
NOTICE:  table "_fb_wal_relevant_commits" does not exist, skipping
[exact-candidate-functional] 03:35:07 PASS[4]: local_alter_restore
NOTICE:  schema "pg_temp" does not exist, skipping
NOTICE:  table "_fb_wal_lock_ids" does not exist, skipping
NOTICE:  table "_fb_wal_batch" does not exist, skipping
NOTICE:  table "_fb_wal_commits" does not exist, skipping
NOTICE:  table "_fb_wal_events" does not exist, skipping
NOTICE:  table "_fb_wal_relevant_commits" does not exist, skipping
NOTICE:  schema "pg_temp" does not exist, skipping
NOTICE:  table "_fb_wal_lock_ids" does not exist, skipping
NOTICE:  table "_fb_wal_batch" does not exist, skipping
NOTICE:  table "_fb_wal_commits" does not exist, skipping
NOTICE:  table "_fb_wal_events" does not exist, skipping
NOTICE:  table "_fb_wal_relevant_commits" does not exist, skipping
NOTICE:  schema "pg_temp" does not exist, skipping
NOTICE:  table "_fb_wal_lock_ids" does not exist, skipping
NOTICE:  table "_fb_wal_batch" does not exist, skipping
NOTICE:  table "_fb_wal_commits" does not exist, skipping
NOTICE:  table "_fb_wal_events" does not exist, skipping
NOTICE:  table "_fb_wal_relevant_commits" does not exist, skipping
[exact-candidate-functional] 03:35:07 PASS[5]: local_quoted_toast
2026-07-23 03:35:07.702 P00   INFO: backup command begin 2.53.1: --compress-type=none --config=/home/caghan.linux/table-restore/pg_flashback/target/exact-candidate-functional/runs/20260723T003504Z-2129799/pgbackrest.conf --exec-id=2130273-e67c2660 --no-expire-auto --log-level-console=info --log-level-file=detail --log-path=/home/caghan.linux/table-restore/pg_flashback/target/exact-candidate-functional/runs/20260723T003504Z-2129799/log --pg1-path=/home/caghan.linux/table-restore/pg_flashback/target/exact-candidate-functional/runs/20260723T003504Z-2129799/primary --pg1-port=44799 --pg1-socket-path=/tmp/pgfb-func-20260723T003504Z-2129799 --no-repo1-block --no-repo1-bundle --repo1-hardlink --repo1-path=/home/caghan.linux/table-restore/pg_flashback/target/exact-candidate-functional/runs/20260723T003504Z-2129799/repo --repo1-retention-full=99 --stanza=exact_func --start-fast --type=full
2026-07-23 03:35:08.408 P00   INFO: execute non-exclusive backup start: backup begins after the requested immediate checkpoint completes
2026-07-23 03:35:08.818 P00   INFO: backup start archive = 00000001000000000000000B, lsn = 0/B000028
2026-07-23 03:35:08.818 P00   INFO: check archive for prior segment 00000001000000000000000A
2026-07-23 03:35:09.873 P00   INFO: execute non-exclusive backup stop and wait for all WAL segments to archive
2026-07-23 03:35:10.074 P00   INFO: backup stop archive = 00000001000000000000000C, lsn = 0/C0005C0
2026-07-23 03:35:10.074 P00   INFO: check archive for segment(s) 00000001000000000000000B:00000001000000000000000C
2026-07-23 03:35:10.079 P00   INFO: new backup label = 20260723-033508F
2026-07-23 03:35:10.092 P00   INFO: full backup size = 33.6MB, file total = 1485
2026-07-23 03:35:10.092 P00   INFO: backup command end: completed successfully (2391ms)
[exact-candidate-functional] 03:35:10 FULL0=20260723-033508F stop=0/C0005C0
NOTICE:  schema "pg_temp" does not exist, skipping
NOTICE:  table "_fb_wal_lock_ids" does not exist, skipping
NOTICE:  table "_fb_wal_batch" does not exist, skipping
NOTICE:  table "_fb_wal_commits" does not exist, skipping
NOTICE:  table "_fb_wal_events" does not exist, skipping
NOTICE:  table "_fb_wal_relevant_commits" does not exist, skipping
[exact-candidate-functional] 03:35:12 PASS[6]: backup_retained_activation
2026-07-23 03:35:14.441 P00   INFO: backup command begin 2.53.1: --compress-type=none --config=/home/caghan.linux/table-restore/pg_flashback/target/exact-candidate-functional/runs/20260723T003504Z-2129799/pgbackrest.conf --exec-id=2130374-6f337053 --no-expire-auto --log-level-console=info --log-level-file=detail --log-path=/home/caghan.linux/table-restore/pg_flashback/target/exact-candidate-functional/runs/20260723T003504Z-2129799/log --pg1-path=/home/caghan.linux/table-restore/pg_flashback/target/exact-candidate-functional/runs/20260723T003504Z-2129799/primary --pg1-port=44799 --pg1-socket-path=/tmp/pgfb-func-20260723T003504Z-2129799 --no-repo1-block --no-repo1-bundle --repo1-hardlink --repo1-path=/home/caghan.linux/table-restore/pg_flashback/target/exact-candidate-functional/runs/20260723T003504Z-2129799/repo --repo1-retention-full=99 --stanza=exact_func --start-fast --type=full
2026-07-23 03:35:15.152 P00   INFO: execute non-exclusive backup start: backup begins after the requested immediate checkpoint completes
2026-07-23 03:35:15.559 P00   INFO: backup start archive = 000000010000000000000013, lsn = 0/13000028
2026-07-23 03:35:15.559 P00   INFO: check archive for prior segment 000000010000000000000012
2026-07-23 03:35:16.929 P00   INFO: execute non-exclusive backup stop and wait for all WAL segments to archive
2026-07-23 03:35:17.130 P00   INFO: backup stop archive = 000000010000000000000014, lsn = 0/14000238
2026-07-23 03:35:17.132 P00   INFO: check archive for segment(s) 000000010000000000000013:000000010000000000000014
2026-07-23 03:35:17.137 P00   INFO: new backup label = 20260723-033515F
2026-07-23 03:35:17.149 P00   INFO: full backup size = 33.7MB, file total = 1485
2026-07-23 03:35:17.149 P00   INFO: backup command end: completed successfully (2711ms)
[exact-candidate-functional] 03:35:17 FULL2=20260723-033515F
[exact-candidate-functional] 03:35:17 PASS[7]: backup_reconcile_expire
[exact-candidate-functional] 03:35:17 PASS[8]: backup_drop_restore
[exact-candidate-functional] 03:35:17 functional suite passed (8 cases)
[exact-candidate-functional] 03:35:17 result: /home/caghan.linux/table-restore/pg_flashback/target/exact-candidate-functional/results/exact-candidate-functional-20260723T003504Z-2129799.json
[exact-wal-matrix] 03:35:17 passed: functional_suite
[exact-wal-matrix] 03:35:17 running drop_qualification: env CANDIDATE_DIR=/home/caghan.linux/table-restore/pg_flashback/target/candidate/b3b8ba5d8730dd80595f7c51764dd0e4e0641b03 /home/caghan.linux/table-restore/pg_flashback/scripts/run_exact_candidate_drop_qualification.sh
2026-07-23 03:35:18.504 P00   INFO: stanza-create command begin 2.53.1: --config=/home/caghan.linux/table-restore/pg_flashback/target/exact-candidate-drop/runs/20260723T003517Z-2130568/pgbackrest.conf --exec-id=2130725-d463fb87 --log-level-console=info --log-level-file=detail --log-path=/home/caghan.linux/table-restore/pg_flashback/target/exact-candidate-drop/runs/20260723T003517Z-2130568/log --pg1-path=/home/caghan.linux/table-restore/pg_flashback/target/exact-candidate-drop/runs/20260723T003517Z-2130568/primary --pg1-port=39568 --pg1-socket-path=/tmp/pgfb-drop-20260723T003517Z-2130568 --repo1-path=/home/caghan.linux/table-restore/pg_flashback/target/exact-candidate-drop/runs/20260723T003517Z-2130568/repo --stanza=drop_qualification
2026-07-23 03:35:19.114 P00   INFO: stanza-create for stanza 'drop_qualification' on repo1
2026-07-23 03:35:19.119 P00   INFO: stanza-create command end: completed successfully (616ms)
[exact-candidate-drop] 03:35:19 starting repeated local DROP matrix: 100 iterations
NOTICE:  pg_flashback: created logical replication slot pg_flashback_dropdb
NOTICE:  schema "pg_temp" does not exist, skipping
NOTICE:  table "_fb_wal_lock_ids" does not exist, skipping
NOTICE:  table "_fb_wal_batch" does not exist, skipping
NOTICE:  table "_fb_wal_commits" does not exist, skipping
NOTICE:  table "_fb_wal_events" does not exist, skipping
NOTICE:  table "_fb_wal_relevant_commits" does not exist, skipping
NOTICE:  schema "pg_temp" does not exist, skipping
NOTICE:  table "_fb_wal_lock_ids" does not exist, skipping
NOTICE:  table "_fb_wal_batch" does not exist, skipping
NOTICE:  table "_fb_wal_commits" does not exist, skipping
NOTICE:  table "_fb_wal_events" does not exist, skipping
NOTICE:  table "_fb_wal_relevant_commits" does not exist, skipping
NOTICE:  schema "pg_temp" does not exist, skipping
NOTICE:  table "_fb_wal_lock_ids" does not exist, skipping
NOTICE:  table "_fb_wal_batch" does not exist, skipping
NOTICE:  table "_fb_wal_commits" does not exist, skipping
NOTICE:  table "_fb_wal_events" does not exist, skipping
NOTICE:  table "_fb_wal_relevant_commits" does not exist, skipping
NOTICE:  schema "pg_temp" does not exist, skipping
NOTICE:  table "_fb_wal_lock_ids" does not exist, skipping
NOTICE:  table "_fb_wal_batch" does not exist, skipping
NOTICE:  table "_fb_wal_commits" does not exist, skipping
NOTICE:  table "_fb_wal_events" does not exist, skipping
NOTICE:  table "_fb_wal_relevant_commits" does not exist, skipping
NOTICE:  schema "pg_temp" does not exist, skipping
NOTICE:  table "_fb_wal_lock_ids" does not exist, skipping
NOTICE:  table "_fb_wal_batch" does not exist, skipping
NOTICE:  table "_fb_wal_commits" does not exist, skipping
NOTICE:  table "_fb_wal_events" does not exist, skipping
NOTICE:  table "_fb_wal_relevant_commits" does not exist, skipping
NOTICE:  schema "pg_temp" does not exist, skipping
NOTICE:  table "_fb_wal_lock_ids" does not exist, skipping
NOTICE:  table "_fb_wal_batch" does not exist, skipping
NOTICE:  table "_fb_wal_commits" does not exist, skipping
NOTICE:  table "_fb_wal_events" does not exist, skipping
NOTICE:  table "_fb_wal_relevant_commits" does not exist, skipping
NOTICE:  schema "pg_temp" does not exist, skipping
NOTICE:  table "_fb_wal_lock_ids" does not exist, skipping
NOTICE:  table "_fb_wal_batch" does not exist, skipping
NOTICE:  table "_fb_wal_commits" does not exist, skipping
NOTICE:  table "_fb_wal_events" does not exist, skipping
NOTICE:  table "_fb_wal_relevant_commits" does not exist, skipping
NOTICE:  schema "pg_temp" does not exist, skipping
NOTICE:  table "_fb_wal_lock_ids" does not exist, skipping
NOTICE:  table "_fb_wal_batch" does not exist, skipping
NOTICE:  table "_fb_wal_commits" does not exist, skipping
NOTICE:  table "_fb_wal_events" does not exist, skipping
NOTICE:  table "_fb_wal_relevant_commits" does not exist, skipping
NOTICE:  schema "pg_temp" does not exist, skipping
NOTICE:  table "_fb_wal_lock_ids" does not exist, skipping
NOTICE:  table "_fb_wal_batch" does not exist, skipping
NOTICE:  table "_fb_wal_commits" does not exist, skipping
NOTICE:  table "_fb_wal_events" does not exist, skipping
NOTICE:  table "_fb_wal_relevant_commits" does not exist, skipping
NOTICE:  schema "pg_temp" does not exist, skipping
NOTICE:  table "_fb_wal_lock_ids" does not exist, skipping
NOTICE:  table "_fb_wal_batch" does not exist, skipping
NOTICE:  table "_fb_wal_commits" does not exist, skipping
NOTICE:  table "_fb_wal_events" does not exist, skipping
NOTICE:  table "_fb_wal_relevant_commits" does not exist, skipping
NOTICE:  schema "pg_temp" does not exist, skipping
NOTICE:  table "_fb_wal_lock_ids" does not exist, skipping
NOTICE:  table "_fb_wal_batch" does not exist, skipping
NOTICE:  table "_fb_wal_commits" does not exist, skipping
NOTICE:  table "_fb_wal_events" does not exist, skipping
NOTICE:  table "_fb_wal_relevant_commits" does not exist, skipping
NOTICE:  schema "pg_temp" does not exist, skipping
NOTICE:  table "_fb_wal_lock_ids" does not exist, skipping
NOTICE:  table "_fb_wal_batch" does not exist, skipping
NOTICE:  table "_fb_wal_commits" does not exist, skipping
NOTICE:  table "_fb_wal_events" does not exist, skipping
NOTICE:  table "_fb_wal_relevant_commits" does not exist, skipping
NOTICE:  schema "pg_temp" does not exist, skipping
NOTICE:  table "_fb_wal_lock_ids" does not exist, skipping
NOTICE:  table "_fb_wal_batch" does not exist, skipping
NOTICE:  table "_fb_wal_commits" does not exist, skipping
NOTICE:  table "_fb_wal_events" does not exist, skipping
NOTICE:  table "_fb_wal_relevant_commits" does not exist, skipping
NOTICE:  schema "pg_temp" does not exist, skipping
NOTICE:  table "_fb_wal_lock_ids" does not exist, skipping
NOTICE:  table "_fb_wal_batch" does not exist, skipping
NOTICE:  table "_fb_wal_commits" does not exist, skipping
NOTICE:  table "_fb_wal_events" does not exist, skipping
NOTICE:  table "_fb_wal_relevant_commits" does not exist, skipping
NOTICE:  schema "pg_temp" does not exist, skipping
NOTICE:  table "_fb_wal_lock_ids" does not exist, skipping
NOTICE:  table "_fb_wal_batch" does not exist, skipping
NOTICE:  table "_fb_wal_commits" does not exist, skipping
NOTICE:  table "_fb_wal_events" does not exist, skipping
NOTICE:  table "_fb_wal_relevant_commits" does not exist, skipping
NOTICE:  schema "pg_temp" does not exist, skipping
NOTICE:  table "_fb_wal_lock_ids" does not exist, skipping
NOTICE:  table "_fb_wal_batch" does not exist, skipping
NOTICE:  table "_fb_wal_commits" does not exist, skipping
NOTICE:  table "_fb_wal_events" does not exist, skipping
NOTICE:  table "_fb_wal_relevant_commits" does not exist, skipping
NOTICE:  schema "pg_temp" does not exist, skipping
NOTICE:  table "_fb_wal_lock_ids" does not exist, skipping
NOTICE:  table "_fb_wal_batch" does not exist, skipping
NOTICE:  table "_fb_wal_commits" does not exist, skipping
NOTICE:  table "_fb_wal_events" does not exist, skipping
NOTICE:  table "_fb_wal_relevant_commits" does not exist, skipping
NOTICE:  schema "pg_temp" does not exist, skipping
NOTICE:  table "_fb_wal_lock_ids" does not exist, skipping
NOTICE:  table "_fb_wal_batch" does not exist, skipping
NOTICE:  table "_fb_wal_commits" does not exist, skipping
NOTICE:  table "_fb_wal_events" does not exist, skipping
NOTICE:  table "_fb_wal_relevant_commits" does not exist, skipping
NOTICE:  schema "pg_temp" does not exist, skipping
NOTICE:  table "_fb_wal_lock_ids" does not exist, skipping
NOTICE:  table "_fb_wal_batch" does not exist, skipping
NOTICE:  table "_fb_wal_commits" does not exist, skipping
NOTICE:  table "_fb_wal_events" does not exist, skipping
NOTICE:  table "_fb_wal_relevant_commits" does not exist, skipping
NOTICE:  schema "pg_temp" does not exist, skipping
NOTICE:  table "_fb_wal_lock_ids" does not exist, skipping
NOTICE:  table "_fb_wal_batch" does not exist, skipping
NOTICE:  table "_fb_wal_commits" does not exist, skipping
NOTICE:  table "_fb_wal_events" does not exist, skipping
NOTICE:  table "_fb_wal_relevant_commits" does not exist, skipping
NOTICE:  schema "pg_temp" does not exist, skipping
NOTICE:  table "_fb_wal_lock_ids" does not exist, skipping
NOTICE:  table "_fb_wal_batch" does not exist, skipping
NOTICE:  table "_fb_wal_commits" does not exist, skipping
NOTICE:  table "_fb_wal_events" does not exist, skipping
NOTICE:  table "_fb_wal_relevant_commits" does not exist, skipping
NOTICE:  schema "pg_temp" does not exist, skipping
NOTICE:  table "_fb_wal_lock_ids" does not exist, skipping
NOTICE:  table "_fb_wal_batch" does not exist, skipping
NOTICE:  table "_fb_wal_commits" does not exist, skipping
NOTICE:  table "_fb_wal_events" does not exist, skipping
NOTICE:  table "_fb_wal_relevant_commits" does not exist, skipping
NOTICE:  schema "pg_temp" does not exist, skipping
NOTICE:  table "_fb_wal_lock_ids" does not exist, skipping
NOTICE:  table "_fb_wal_batch" does not exist, skipping
NOTICE:  table "_fb_wal_commits" does not exist, skipping
NOTICE:  table "_fb_wal_events" does not exist, skipping
NOTICE:  table "_fb_wal_relevant_commits" does not exist, skipping
NOTICE:  schema "pg_temp" does not exist, skipping
NOTICE:  table "_fb_wal_lock_ids" does not exist, skipping
NOTICE:  table "_fb_wal_batch" does not exist, skipping
NOTICE:  table "_fb_wal_commits" does not exist, skipping
NOTICE:  table "_fb_wal_events" does not exist, skipping
NOTICE:  table "_fb_wal_relevant_commits" does not exist, skipping
NOTICE:  schema "pg_temp" does not exist, skipping
NOTICE:  table "_fb_wal_lock_ids" does not exist, skipping
NOTICE:  table "_fb_wal_batch" does not exist, skipping
NOTICE:  table "_fb_wal_commits" does not exist, skipping
NOTICE:  table "_fb_wal_events" does not exist, skipping
NOTICE:  table "_fb_wal_relevant_commits" does not exist, skipping
NOTICE:  schema "pg_temp" does not exist, skipping
NOTICE:  table "_fb_wal_lock_ids" does not exist, skipping
NOTICE:  table "_fb_wal_batch" does not exist, skipping
NOTICE:  table "_fb_wal_commits" does not exist, skipping
NOTICE:  table "_fb_wal_events" does not exist, skipping
NOTICE:  table "_fb_wal_relevant_commits" does not exist, skipping
NOTICE:  schema "pg_temp" does not exist, skipping
NOTICE:  table "_fb_wal_lock_ids" does not exist, skipping
NOTICE:  table "_fb_wal_batch" does not exist, skipping
NOTICE:  table "_fb_wal_commits" does not exist, skipping
NOTICE:  table "_fb_wal_events" does not exist, skipping
NOTICE:  table "_fb_wal_relevant_commits" does not exist, skipping
NOTICE:  schema "pg_temp" does not exist, skipping
NOTICE:  table "_fb_wal_lock_ids" does not exist, skipping
NOTICE:  table "_fb_wal_batch" does not exist, skipping
NOTICE:  table "_fb_wal_commits" does not exist, skipping
NOTICE:  table "_fb_wal_events" does not exist, skipping
NOTICE:  table "_fb_wal_relevant_commits" does not exist, skipping
[exact-candidate-drop] 03:35:22 repeated DROP progress 10/100
NOTICE:  schema "pg_temp" does not exist, skipping
NOTICE:  table "_fb_wal_lock_ids" does not exist, skipping
NOTICE:  table "_fb_wal_batch" does not exist, skipping
NOTICE:  table "_fb_wal_commits" does not exist, skipping
NOTICE:  table "_fb_wal_events" does not exist, skipping
NOTICE:  table "_fb_wal_relevant_commits" does not exist, skipping
NOTICE:  schema "pg_temp" does not exist, skipping
NOTICE:  table "_fb_wal_lock_ids" does not exist, skipping
NOTICE:  table "_fb_wal_batch" does not exist, skipping
NOTICE:  table "_fb_wal_commits" does not exist, skipping
NOTICE:  table "_fb_wal_events" does not exist, skipping
NOTICE:  table "_fb_wal_relevant_commits" does not exist, skipping
NOTICE:  schema "pg_temp" does not exist, skipping
NOTICE:  table "_fb_wal_lock_ids" does not exist, skipping
NOTICE:  table "_fb_wal_batch" does not exist, skipping
NOTICE:  table "_fb_wal_commits" does not exist, skipping
NOTICE:  table "_fb_wal_events" does not exist, skipping
NOTICE:  table "_fb_wal_relevant_commits" does not exist, skipping
NOTICE:  schema "pg_temp" does not exist, skipping
NOTICE:  table "_fb_wal_lock_ids" does not exist, skipping
NOTICE:  table "_fb_wal_batch" does not exist, skipping
NOTICE:  table "_fb_wal_commits" does not exist, skipping
NOTICE:  table "_fb_wal_events" does not exist, skipping
NOTICE:  table "_fb_wal_relevant_commits" does not exist, skipping
NOTICE:  schema "pg_temp" does not exist, skipping
NOTICE:  table "_fb_wal_lock_ids" does not exist, skipping
NOTICE:  table "_fb_wal_batch" does not exist, skipping
NOTICE:  table "_fb_wal_commits" does not exist, skipping
NOTICE:  table "_fb_wal_events" does not exist, skipping
NOTICE:  table "_fb_wal_relevant_commits" does not exist, skipping
NOTICE:  schema "pg_temp" does not exist, skipping
NOTICE:  table "_fb_wal_lock_ids" does not exist, skipping
NOTICE:  table "_fb_wal_batch" does not exist, skipping
NOTICE:  table "_fb_wal_commits" does not exist, skipping
NOTICE:  table "_fb_wal_events" does not exist, skipping
NOTICE:  table "_fb_wal_relevant_commits" does not exist, skipping
NOTICE:  schema "pg_temp" does not exist, skipping
NOTICE:  table "_fb_wal_lock_ids" does not exist, skipping
NOTICE:  table "_fb_wal_batch" does not exist, skipping
NOTICE:  table "_fb_wal_commits" does not exist, skipping
NOTICE:  table "_fb_wal_events" does not exist, skipping
NOTICE:  table "_fb_wal_relevant_commits" does not exist, skipping
NOTICE:  schema "pg_temp" does not exist, skipping
NOTICE:  table "_fb_wal_lock_ids" does not exist, skipping
NOTICE:  table "_fb_wal_batch" does not exist, skipping
NOTICE:  table "_fb_wal_commits" does not exist, skipping
NOTICE:  table "_fb_wal_events" does not exist, skipping
NOTICE:  table "_fb_wal_relevant_commits" does not exist, skipping
NOTICE:  schema "pg_temp" does not exist, skipping
NOTICE:  table "_fb_wal_lock_ids" does not exist, skipping
NOTICE:  table "_fb_wal_batch" does not exist, skipping
NOTICE:  table "_fb_wal_commits" does not exist, skipping
NOTICE:  table "_fb_wal_events" does not exist, skipping
NOTICE:  table "_fb_wal_relevant_commits" does not exist, skipping
NOTICE:  schema "pg_temp" does not exist, skipping
NOTICE:  table "_fb_wal_lock_ids" does not exist, skipping
NOTICE:  table "_fb_wal_batch" does not exist, skipping
NOTICE:  table "_fb_wal_commits" does not exist, skipping
NOTICE:  table "_fb_wal_events" does not exist, skipping
NOTICE:  table "_fb_wal_relevant_commits" does not exist, skipping
NOTICE:  schema "pg_temp" does not exist, skipping
NOTICE:  table "_fb_wal_lock_ids" does not exist, skipping
NOTICE:  table "_fb_wal_batch" does not exist, skipping
NOTICE:  table "_fb_wal_commits" does not exist, skipping
NOTICE:  table "_fb_wal_events" does not exist, skipping
NOTICE:  table "_fb_wal_relevant_commits" does not exist, skipping
NOTICE:  schema "pg_temp" does not exist, skipping
NOTICE:  table "_fb_wal_lock_ids" does not exist, skipping
NOTICE:  table "_fb_wal_batch" does not exist, skipping
NOTICE:  table "_fb_wal_commits" does not exist, skipping
NOTICE:  table "_fb_wal_events" does not exist, skipping
NOTICE:  table "_fb_wal_relevant_commits" does not exist, skipping
NOTICE:  schema "pg_temp" does not exist, skipping
NOTICE:  table "_fb_wal_lock_ids" does not exist, skipping
NOTICE:  table "_fb_wal_batch" does not exist, skipping
NOTICE:  table "_fb_wal_commits" does not exist, skipping
NOTICE:  table "_fb_wal_events" does not exist, skipping
NOTICE:  table "_fb_wal_relevant_commits" does not exist, skipping
NOTICE:  schema "pg_temp" does not exist, skipping
NOTICE:  table "_fb_wal_lock_ids" does not exist, skipping
NOTICE:  table "_fb_wal_batch" does not exist, skipping
NOTICE:  table "_fb_wal_commits" does not exist, skipping
NOTICE:  table "_fb_wal_events" does not exist, skipping
NOTICE:  table "_fb_wal_relevant_commits" does not exist, skipping
NOTICE:  schema "pg_temp" does not exist, skipping
NOTICE:  table "_fb_wal_lock_ids" does not exist, skipping
NOTICE:  table "_fb_wal_batch" does not exist, skipping
NOTICE:  table "_fb_wal_commits" does not exist, skipping
NOTICE:  table "_fb_wal_events" does not exist, skipping
NOTICE:  table "_fb_wal_relevant_commits" does not exist, skipping
NOTICE:  schema "pg_temp" does not exist, skipping
NOTICE:  table "_fb_wal_lock_ids" does not exist, skipping
NOTICE:  table "_fb_wal_batch" does not exist, skipping
NOTICE:  table "_fb_wal_commits" does not exist, skipping
NOTICE:  table "_fb_wal_events" does not exist, skipping
NOTICE:  table "_fb_wal_relevant_commits" does not exist, skipping
NOTICE:  schema "pg_temp" does not exist, skipping
NOTICE:  table "_fb_wal_lock_ids" does not exist, skipping
NOTICE:  table "_fb_wal_batch" does not exist, skipping
NOTICE:  table "_fb_wal_commits" does not exist, skipping
NOTICE:  table "_fb_wal_events" does not exist, skipping
NOTICE:  table "_fb_wal_relevant_commits" does not exist, skipping
NOTICE:  schema "pg_temp" does not exist, skipping
NOTICE:  table "_fb_wal_lock_ids" does not exist, skipping
NOTICE:  table "_fb_wal_batch" does not exist, skipping
NOTICE:  table "_fb_wal_commits" does not exist, skipping
NOTICE:  table "_fb_wal_events" does not exist, skipping
NOTICE:  table "_fb_wal_relevant_commits" does not exist, skipping
NOTICE:  schema "pg_temp" does not exist, skipping
NOTICE:  table "_fb_wal_lock_ids" does not exist, skipping
NOTICE:  table "_fb_wal_batch" does not exist, skipping
NOTICE:  table "_fb_wal_commits" does not exist, skipping
NOTICE:  table "_fb_wal_events" does not exist, skipping
NOTICE:  table "_fb_wal_relevant_commits" does not exist, skipping
NOTICE:  schema "pg_temp" does not exist, skipping
NOTICE:  table "_fb_wal_lock_ids" does not exist, skipping
NOTICE:  table "_fb_wal_batch" does not exist, skipping
NOTICE:  table "_fb_wal_commits" does not exist, skipping
NOTICE:  table "_fb_wal_events" does not exist, skipping
NOTICE:  table "_fb_wal_relevant_commits" does not exist, skipping
NOTICE:  schema "pg_temp" does not exist, skipping
NOTICE:  table "_fb_wal_lock_ids" does not exist, skipping
NOTICE:  table "_fb_wal_batch" does not exist, skipping
NOTICE:  table "_fb_wal_commits" does not exist, skipping
NOTICE:  table "_fb_wal_events" does not exist, skipping
NOTICE:  table "_fb_wal_relevant_commits" does not exist, skipping
NOTICE:  schema "pg_temp" does not exist, skipping
NOTICE:  table "_fb_wal_lock_ids" does not exist, skipping
NOTICE:  table "_fb_wal_batch" does not exist, skipping
NOTICE:  table "_fb_wal_commits" does not exist, skipping
NOTICE:  table "_fb_wal_events" does not exist, skipping
NOTICE:  table "_fb_wal_relevant_commits" does not exist, skipping
NOTICE:  schema "pg_temp" does not exist, skipping
NOTICE:  table "_fb_wal_lock_ids" does not exist, skipping
NOTICE:  table "_fb_wal_batch" does not exist, skipping
NOTICE:  table "_fb_wal_commits" does not exist, skipping
NOTICE:  table "_fb_wal_events" does not exist, skipping
NOTICE:  table "_fb_wal_relevant_commits" does not exist, skipping
NOTICE:  schema "pg_temp" does not exist, skipping
NOTICE:  table "_fb_wal_lock_ids" does not exist, skipping
NOTICE:  table "_fb_wal_batch" does not exist, skipping
NOTICE:  table "_fb_wal_commits" does not exist, skipping
NOTICE:  table "_fb_wal_events" does not exist, skipping
NOTICE:  table "_fb_wal_relevant_commits" does not exist, skipping
NOTICE:  schema "pg_temp" does not exist, skipping
NOTICE:  table "_fb_wal_lock_ids" does not exist, skipping
NOTICE:  table "_fb_wal_batch" does not exist, skipping
NOTICE:  table "_fb_wal_commits" does not exist, skipping
NOTICE:  table "_fb_wal_events" does not exist, skipping
NOTICE:  table "_fb_wal_relevant_commits" does not exist, skipping
NOTICE:  schema "pg_temp" does not exist, skipping
NOTICE:  table "_fb_wal_lock_ids" does not exist, skipping
NOTICE:  table "_fb_wal_batch" does not exist, skipping
NOTICE:  table "_fb_wal_commits" does not exist, skipping
NOTICE:  table "_fb_wal_events" does not exist, skipping
NOTICE:  table "_fb_wal_relevant_commits" does not exist, skipping
NOTICE:  schema "pg_temp" does not exist, skipping
NOTICE:  table "_fb_wal_lock_ids" does not exist, skipping
NOTICE:  table "_fb_wal_batch" does not exist, skipping
NOTICE:  table "_fb_wal_commits" does not exist, skipping
NOTICE:  table "_fb_wal_events" does not exist, skipping
NOTICE:  table "_fb_wal_relevant_commits" does not exist, skipping
NOTICE:  schema "pg_temp" does not exist, skipping
NOTICE:  table "_fb_wal_lock_ids" does not exist, skipping
NOTICE:  table "_fb_wal_batch" does not exist, skipping
NOTICE:  table "_fb_wal_commits" does not exist, skipping
NOTICE:  table "_fb_wal_events" does not exist, skipping
NOTICE:  table "_fb_wal_relevant_commits" does not exist, skipping
NOTICE:  schema "pg_temp" does not exist, skipping
NOTICE:  table "_fb_wal_lock_ids" does not exist, skipping
NOTICE:  table "_fb_wal_batch" does not exist, skipping
NOTICE:  table "_fb_wal_commits" does not exist, skipping
NOTICE:  table "_fb_wal_events" does not exist, skipping
NOTICE:  table "_fb_wal_relevant_commits" does not exist, skipping
NOTICE:  schema "pg_temp" does not exist, skipping
NOTICE:  table "_fb_wal_lock_ids" does not exist, skipping
NOTICE:  table "_fb_wal_batch" does not exist, skipping
NOTICE:  table "_fb_wal_commits" does not exist, skipping
NOTICE:  table "_fb_wal_events" does not exist, skipping
NOTICE:  table "_fb_wal_relevant_commits" does not exist, skipping
[exact-candidate-drop] 03:35:25 repeated DROP progress 20/100
NOTICE:  schema "pg_temp" does not exist, skipping
NOTICE:  table "_fb_wal_lock_ids" does not exist, skipping
NOTICE:  table "_fb_wal_batch" does not exist, skipping
NOTICE:  table "_fb_wal_commits" does not exist, skipping
NOTICE:  table "_fb_wal_events" does not exist, skipping
NOTICE:  table "_fb_wal_relevant_commits" does not exist, skipping
NOTICE:  schema "pg_temp" does not exist, skipping
NOTICE:  table "_fb_wal_lock_ids" does not exist, skipping
NOTICE:  table "_fb_wal_batch" does not exist, skipping
NOTICE:  table "_fb_wal_commits" does not exist, skipping
NOTICE:  table "_fb_wal_events" does not exist, skipping
NOTICE:  table "_fb_wal_relevant_commits" does not exist, skipping
NOTICE:  schema "pg_temp" does not exist, skipping
NOTICE:  table "_fb_wal_lock_ids" does not exist, skipping
NOTICE:  table "_fb_wal_batch" does not exist, skipping
NOTICE:  table "_fb_wal_commits" does not exist, skipping
NOTICE:  table "_fb_wal_events" does not exist, skipping
NOTICE:  table "_fb_wal_relevant_commits" does not exist, skipping
NOTICE:  schema "pg_temp" does not exist, skipping
NOTICE:  table "_fb_wal_lock_ids" does not exist, skipping
NOTICE:  table "_fb_wal_batch" does not exist, skipping
NOTICE:  table "_fb_wal_commits" does not exist, skipping
NOTICE:  table "_fb_wal_events" does not exist, skipping
NOTICE:  table "_fb_wal_relevant_commits" does not exist, skipping
NOTICE:  schema "pg_temp" does not exist, skipping
NOTICE:  table "_fb_wal_lock_ids" does not exist, skipping
NOTICE:  table "_fb_wal_batch" does not exist, skipping
NOTICE:  table "_fb_wal_commits" does not exist, skipping
NOTICE:  table "_fb_wal_events" does not exist, skipping
NOTICE:  table "_fb_wal_relevant_commits" does not exist, skipping
NOTICE:  schema "pg_temp" does not exist, skipping
NOTICE:  table "_fb_wal_lock_ids" does not exist, skipping
NOTICE:  table "_fb_wal_batch" does not exist, skipping
NOTICE:  table "_fb_wal_commits" does not exist, skipping
NOTICE:  table "_fb_wal_events" does not exist, skipping
NOTICE:  table "_fb_wal_relevant_commits" does not exist, skipping
NOTICE:  schema "pg_temp" does not exist, skipping
NOTICE:  table "_fb_wal_lock_ids" does not exist, skipping
NOTICE:  table "_fb_wal_batch" does not exist, skipping
NOTICE:  table "_fb_wal_commits" does not exist, skipping
NOTICE:  table "_fb_wal_events" does not exist, skipping
NOTICE:  table "_fb_wal_relevant_commits" does not exist, skipping
NOTICE:  schema "pg_temp" does not exist, skipping
NOTICE:  table "_fb_wal_lock_ids" does not exist, skipping
NOTICE:  table "_fb_wal_batch" does not exist, skipping
NOTICE:  table "_fb_wal_commits" does not exist, skipping
NOTICE:  table "_fb_wal_events" does not exist, skipping
NOTICE:  table "_fb_wal_relevant_commits" does not exist, skipping
NOTICE:  schema "pg_temp" does not exist, skipping
NOTICE:  table "_fb_wal_lock_ids" does not exist, skipping
NOTICE:  table "_fb_wal_batch" does not exist, skipping
NOTICE:  table "_fb_wal_commits" does not exist, skipping
NOTICE:  table "_fb_wal_events" does not exist, skipping
NOTICE:  table "_fb_wal_relevant_commits" does not exist, skipping
NOTICE:  schema "pg_temp" does not exist, skipping
NOTICE:  table "_fb_wal_lock_ids" does not exist, skipping
NOTICE:  table "_fb_wal_batch" does not exist, skipping
NOTICE:  table "_fb_wal_commits" does not exist, skipping
NOTICE:  table "_fb_wal_events" does not exist, skipping
NOTICE:  table "_fb_wal_relevant_commits" does not exist, skipping
NOTICE:  schema "pg_temp" does not exist, skipping
NOTICE:  table "_fb_wal_lock_ids" does not exist, skipping
NOTICE:  table "_fb_wal_batch" does not exist, skipping
NOTICE:  table "_fb_wal_commits" does not exist, skipping
NOTICE:  table "_fb_wal_events" does not exist, skipping
NOTICE:  table "_fb_wal_relevant_commits" does not exist, skipping
NOTICE:  schema "pg_temp" does not exist, skipping
NOTICE:  table "_fb_wal_lock_ids" does not exist, skipping
NOTICE:  table "_fb_wal_batch" does not exist, skipping
NOTICE:  table "_fb_wal_commits" does not exist, skipping
NOTICE:  table "_fb_wal_events" does not exist, skipping
NOTICE:  table "_fb_wal_relevant_commits" does not exist, skipping
NOTICE:  schema "pg_temp" does not exist, skipping
NOTICE:  table "_fb_wal_lock_ids" does not exist, skipping
NOTICE:  table "_fb_wal_batch" does not exist, skipping
NOTICE:  table "_fb_wal_commits" does not exist, skipping
NOTICE:  table "_fb_wal_events" does not exist, skipping
NOTICE:  table "_fb_wal_relevant_commits" does not exist, skipping
NOTICE:  schema "pg_temp" does not exist, skipping
NOTICE:  table "_fb_wal_lock_ids" does not exist, skipping
NOTICE:  table "_fb_wal_batch" does not exist, skipping
NOTICE:  table "_fb_wal_commits" does not exist, skipping
NOTICE:  table "_fb_wal_events" does not exist, skipping
NOTICE:  table "_fb_wal_relevant_commits" does not exist, skipping
NOTICE:  schema "pg_temp" does not exist, skipping
NOTICE:  table "_fb_wal_lock_ids" does not exist, skipping
NOTICE:  table "_fb_wal_batch" does not exist, skipping
NOTICE:  table "_fb_wal_commits" does not exist, skipping
NOTICE:  table "_fb_wal_events" does not exist, skipping
NOTICE:  table "_fb_wal_relevant_commits" does not exist, skipping
NOTICE:  schema "pg_temp" does not exist, skipping
NOTICE:  table "_fb_wal_lock_ids" does not exist, skipping
NOTICE:  table "_fb_wal_batch" does not exist, skipping
NOTICE:  table "_fb_wal_commits" does not exist, skipping
NOTICE:  table "_fb_wal_events" does not exist, skipping
NOTICE:  table "_fb_wal_relevant_commits" does not exist, skipping
NOTICE:  schema "pg_temp" does not exist, skipping
NOTICE:  table "_fb_wal_lock_ids" does not exist, skipping
NOTICE:  table "_fb_wal_batch" does not exist, skipping
NOTICE:  table "_fb_wal_commits" does not exist, skipping
NOTICE:  table "_fb_wal_events" does not exist, skipping
NOTICE:  table "_fb_wal_relevant_commits" does not exist, skipping
NOTICE:  schema "pg_temp" does not exist, skipping
NOTICE:  table "_fb_wal_lock_ids" does not exist, skipping
NOTICE:  table "_fb_wal_batch" does not exist, skipping
NOTICE:  table "_fb_wal_commits" does not exist, skipping
NOTICE:  table "_fb_wal_events" does not exist, skipping
NOTICE:  table "_fb_wal_relevant_commits" does not exist, skipping
NOTICE:  schema "pg_temp" does not exist, skipping
NOTICE:  table "_fb_wal_lock_ids" does not exist, skipping
NOTICE:  table "_fb_wal_batch" does not exist, skipping
NOTICE:  table "_fb_wal_commits" does not exist, skipping
NOTICE:  table "_fb_wal_events" does not exist, skipping
NOTICE:  table "_fb_wal_relevant_commits" does not exist, skipping
NOTICE:  schema "pg_temp" does not exist, skipping
NOTICE:  table "_fb_wal_lock_ids" does not exist, skipping
NOTICE:  table "_fb_wal_batch" does not exist, skipping
NOTICE:  table "_fb_wal_commits" does not exist, skipping
NOTICE:  table "_fb_wal_events" does not exist, skipping
NOTICE:  table "_fb_wal_relevant_commits" does not exist, skipping
NOTICE:  schema "pg_temp" does not exist, skipping
NOTICE:  table "_fb_wal_lock_ids" does not exist, skipping
NOTICE:  table "_fb_wal_batch" does not exist, skipping
NOTICE:  table "_fb_wal_commits" does not exist, skipping
NOTICE:  table "_fb_wal_events" does not exist, skipping
NOTICE:  table "_fb_wal_relevant_commits" does not exist, skipping
NOTICE:  schema "pg_temp" does not exist, skipping
NOTICE:  table "_fb_wal_lock_ids" does not exist, skipping
NOTICE:  table "_fb_wal_batch" does not exist, skipping
NOTICE:  table "_fb_wal_commits" does not exist, skipping
NOTICE:  table "_fb_wal_events" does not exist, skipping
NOTICE:  table "_fb_wal_relevant_commits" does not exist, skipping
NOTICE:  schema "pg_temp" does not exist, skipping
NOTICE:  table "_fb_wal_lock_ids" does not exist, skipping
NOTICE:  table "_fb_wal_batch" does not exist, skipping
NOTICE:  table "_fb_wal_commits" does not exist, skipping
NOTICE:  table "_fb_wal_events" does not exist, skipping
NOTICE:  table "_fb_wal_relevant_commits" does not exist, skipping
NOTICE:  schema "pg_temp" does not exist, skipping
NOTICE:  table "_fb_wal_lock_ids" does not exist, skipping
NOTICE:  table "_fb_wal_batch" does not exist, skipping
NOTICE:  table "_fb_wal_commits" does not exist, skipping
NOTICE:  table "_fb_wal_events" does not exist, skipping
NOTICE:  table "_fb_wal_relevant_commits" does not exist, skipping
NOTICE:  schema "pg_temp" does not exist, skipping
NOTICE:  table "_fb_wal_lock_ids" does not exist, skipping
NOTICE:  table "_fb_wal_batch" does not exist, skipping
NOTICE:  table "_fb_wal_commits" does not exist, skipping
NOTICE:  table "_fb_wal_events" does not exist, skipping
NOTICE:  table "_fb_wal_relevant_commits" does not exist, skipping
NOTICE:  schema "pg_temp" does not exist, skipping
NOTICE:  table "_fb_wal_lock_ids" does not exist, skipping
NOTICE:  table "_fb_wal_batch" does not exist, skipping
NOTICE:  table "_fb_wal_commits" does not exist, skipping
NOTICE:  table "_fb_wal_events" does not exist, skipping
NOTICE:  table "_fb_wal_relevant_commits" does not exist, skipping
NOTICE:  schema "pg_temp" does not exist, skipping
NOTICE:  table "_fb_wal_lock_ids" does not exist, skipping
NOTICE:  table "_fb_wal_batch" does not exist, skipping
NOTICE:  table "_fb_wal_commits" does not exist, skipping
NOTICE:  table "_fb_wal_events" does not exist, skipping
NOTICE:  table "_fb_wal_relevant_commits" does not exist, skipping
NOTICE:  schema "pg_temp" does not exist, skipping
NOTICE:  table "_fb_wal_lock_ids" does not exist, skipping
NOTICE:  table "_fb_wal_batch" does not exist, skipping
NOTICE:  table "_fb_wal_commits" does not exist, skipping
NOTICE:  table "_fb_wal_events" does not exist, skipping
NOTICE:  table "_fb_wal_relevant_commits" does not exist, skipping
NOTICE:  schema "pg_temp" does not exist, skipping
NOTICE:  table "_fb_wal_lock_ids" does not exist, skipping
NOTICE:  table "_fb_wal_batch" does not exist, skipping
NOTICE:  table "_fb_wal_commits" does not exist, skipping
NOTICE:  table "_fb_wal_events" does not exist, skipping
NOTICE:  table "_fb_wal_relevant_commits" does not exist, skipping
NOTICE:  schema "pg_temp" does not exist, skipping
NOTICE:  table "_fb_wal_lock_ids" does not exist, skipping
NOTICE:  table "_fb_wal_batch" does not exist, skipping
NOTICE:  table "_fb_wal_commits" does not exist, skipping
NOTICE:  table "_fb_wal_events" does not exist, skipping
NOTICE:  table "_fb_wal_relevant_commits" does not exist, skipping
[exact-candidate-drop] 03:35:29 repeated DROP progress 30/100
NOTICE:  schema "pg_temp" does not exist, skipping
NOTICE:  table "_fb_wal_lock_ids" does not exist, skipping
NOTICE:  table "_fb_wal_batch" does not exist, skipping
NOTICE:  table "_fb_wal_commits" does not exist, skipping
NOTICE:  table "_fb_wal_events" does not exist, skipping
NOTICE:  table "_fb_wal_relevant_commits" does not exist, skipping
NOTICE:  schema "pg_temp" does not exist, skipping
NOTICE:  table "_fb_wal_lock_ids" does not exist, skipping
NOTICE:  table "_fb_wal_batch" does not exist, skipping
NOTICE:  table "_fb_wal_commits" does not exist, skipping
NOTICE:  table "_fb_wal_events" does not exist, skipping
NOTICE:  table "_fb_wal_relevant_commits" does not exist, skipping
NOTICE:  schema "pg_temp" does not exist, skipping
NOTICE:  table "_fb_wal_lock_ids" does not exist, skipping
NOTICE:  table "_fb_wal_batch" does not exist, skipping
NOTICE:  table "_fb_wal_commits" does not exist, skipping
NOTICE:  table "_fb_wal_events" does not exist, skipping
NOTICE:  table "_fb_wal_relevant_commits" does not exist, skipping
NOTICE:  schema "pg_temp" does not exist, skipping
NOTICE:  table "_fb_wal_lock_ids" does not exist, skipping
NOTICE:  table "_fb_wal_batch" does not exist, skipping
NOTICE:  table "_fb_wal_commits" does not exist, skipping
NOTICE:  table "_fb_wal_events" does not exist, skipping
NOTICE:  table "_fb_wal_relevant_commits" does not exist, skipping
NOTICE:  schema "pg_temp" does not exist, skipping
NOTICE:  table "_fb_wal_lock_ids" does not exist, skipping
NOTICE:  table "_fb_wal_batch" does not exist, skipping
NOTICE:  table "_fb_wal_commits" does not exist, skipping
NOTICE:  table "_fb_wal_events" does not exist, skipping
NOTICE:  table "_fb_wal_relevant_commits" does not exist, skipping
NOTICE:  schema "pg_temp" does not exist, skipping
NOTICE:  table "_fb_wal_lock_ids" does not exist, skipping
NOTICE:  table "_fb_wal_batch" does not exist, skipping
NOTICE:  table "_fb_wal_commits" does not exist, skipping
NOTICE:  table "_fb_wal_events" does not exist, skipping
NOTICE:  table "_fb_wal_relevant_commits" does not exist, skipping
NOTICE:  schema "pg_temp" does not exist, skipping
NOTICE:  table "_fb_wal_lock_ids" does not exist, skipping
NOTICE:  table "_fb_wal_batch" does not exist, skipping
NOTICE:  table "_fb_wal_commits" does not exist, skipping
NOTICE:  table "_fb_wal_events" does not exist, skipping
NOTICE:  table "_fb_wal_relevant_commits" does not exist, skipping
NOTICE:  schema "pg_temp" does not exist, skipping
NOTICE:  table "_fb_wal_lock_ids" does not exist, skipping
NOTICE:  table "_fb_wal_batch" does not exist, skipping
NOTICE:  table "_fb_wal_commits" does not exist, skipping
NOTICE:  table "_fb_wal_events" does not exist, skipping
NOTICE:  table "_fb_wal_relevant_commits" does not exist, skipping
NOTICE:  schema "pg_temp" does not exist, skipping
NOTICE:  table "_fb_wal_lock_ids" does not exist, skipping
NOTICE:  table "_fb_wal_batch" does not exist, skipping
NOTICE:  table "_fb_wal_commits" does not exist, skipping
NOTICE:  table "_fb_wal_events" does not exist, skipping
NOTICE:  table "_fb_wal_relevant_commits" does not exist, skipping
NOTICE:  schema "pg_temp" does not exist, skipping
NOTICE:  table "_fb_wal_lock_ids" does not exist, skipping
NOTICE:  table "_fb_wal_batch" does not exist, skipping
NOTICE:  table "_fb_wal_commits" does not exist, skipping
NOTICE:  table "_fb_wal_events" does not exist, skipping
NOTICE:  table "_fb_wal_relevant_commits" does not exist, skipping
NOTICE:  schema "pg_temp" does not exist, skipping
NOTICE:  table "_fb_wal_lock_ids" does not exist, skipping
NOTICE:  table "_fb_wal_batch" does not exist, skipping
NOTICE:  table "_fb_wal_commits" does not exist, skipping
NOTICE:  table "_fb_wal_events" does not exist, skipping
NOTICE:  table "_fb_wal_relevant_commits" does not exist, skipping
NOTICE:  schema "pg_temp" does not exist, skipping
NOTICE:  table "_fb_wal_lock_ids" does not exist, skipping
NOTICE:  table "_fb_wal_batch" does not exist, skipping
NOTICE:  table "_fb_wal_commits" does not exist, skipping
NOTICE:  table "_fb_wal_events" does not exist, skipping
NOTICE:  table "_fb_wal_relevant_commits" does not exist, skipping
NOTICE:  schema "pg_temp" does not exist, skipping
NOTICE:  table "_fb_wal_lock_ids" does not exist, skipping
NOTICE:  table "_fb_wal_batch" does not exist, skipping
NOTICE:  table "_fb_wal_commits" does not exist, skipping
NOTICE:  table "_fb_wal_events" does not exist, skipping
NOTICE:  table "_fb_wal_relevant_commits" does not exist, skipping
NOTICE:  schema "pg_temp" does not exist, skipping
NOTICE:  table "_fb_wal_lock_ids" does not exist, skipping
NOTICE:  table "_fb_wal_batch" does not exist, skipping
NOTICE:  table "_fb_wal_commits" does not exist, skipping
NOTICE:  table "_fb_wal_events" does not exist, skipping
NOTICE:  table "_fb_wal_relevant_commits" does not exist, skipping
NOTICE:  schema "pg_temp" does not exist, skipping
NOTICE:  table "_fb_wal_lock_ids" does not exist, skipping
NOTICE:  table "_fb_wal_batch" does not exist, skipping
NOTICE:  table "_fb_wal_commits" does not exist, skipping
NOTICE:  table "_fb_wal_events" does not exist, skipping
NOTICE:  table "_fb_wal_relevant_commits" does not exist, skipping
NOTICE:  schema "pg_temp" does not exist, skipping
NOTICE:  table "_fb_wal_lock_ids" does not exist, skipping
NOTICE:  table "_fb_wal_batch" does not exist, skipping
NOTICE:  table "_fb_wal_commits" does not exist, skipping
NOTICE:  table "_fb_wal_events" does not exist, skipping
NOTICE:  table "_fb_wal_relevant_commits" does not exist, skipping
NOTICE:  schema "pg_temp" does not exist, skipping
NOTICE:  table "_fb_wal_lock_ids" does not exist, skipping
NOTICE:  table "_fb_wal_batch" does not exist, skipping
NOTICE:  table "_fb_wal_commits" does not exist, skipping
NOTICE:  table "_fb_wal_events" does not exist, skipping
NOTICE:  table "_fb_wal_relevant_commits" does not exist, skipping
NOTICE:  schema "pg_temp" does not exist, skipping
NOTICE:  table "_fb_wal_lock_ids" does not exist, skipping
NOTICE:  table "_fb_wal_batch" does not exist, skipping
NOTICE:  table "_fb_wal_commits" does not exist, skipping
NOTICE:  table "_fb_wal_events" does not exist, skipping
NOTICE:  table "_fb_wal_relevant_commits" does not exist, skipping
NOTICE:  schema "pg_temp" does not exist, skipping
NOTICE:  table "_fb_wal_lock_ids" does not exist, skipping
NOTICE:  table "_fb_wal_batch" does not exist, skipping
NOTICE:  table "_fb_wal_commits" does not exist, skipping
NOTICE:  table "_fb_wal_events" does not exist, skipping
NOTICE:  table "_fb_wal_relevant_commits" does not exist, skipping
NOTICE:  schema "pg_temp" does not exist, skipping
NOTICE:  table "_fb_wal_lock_ids" does not exist, skipping
NOTICE:  table "_fb_wal_batch" does not exist, skipping
NOTICE:  table "_fb_wal_commits" does not exist, skipping
NOTICE:  table "_fb_wal_events" does not exist, skipping
NOTICE:  table "_fb_wal_relevant_commits" does not exist, skipping
NOTICE:  schema "pg_temp" does not exist, skipping
NOTICE:  table "_fb_wal_lock_ids" does not exist, skipping
NOTICE:  table "_fb_wal_batch" does not exist, skipping
NOTICE:  table "_fb_wal_commits" does not exist, skipping
NOTICE:  table "_fb_wal_events" does not exist, skipping
NOTICE:  table "_fb_wal_relevant_commits" does not exist, skipping
NOTICE:  schema "pg_temp" does not exist, skipping
NOTICE:  table "_fb_wal_lock_ids" does not exist, skipping
NOTICE:  table "_fb_wal_batch" does not exist, skipping
NOTICE:  table "_fb_wal_commits" does not exist, skipping
NOTICE:  table "_fb_wal_events" does not exist, skipping
NOTICE:  table "_fb_wal_relevant_commits" does not exist, skipping
NOTICE:  schema "pg_temp" does not exist, skipping
NOTICE:  table "_fb_wal_lock_ids" does not exist, skipping
NOTICE:  table "_fb_wal_batch" does not exist, skipping
NOTICE:  table "_fb_wal_commits" does not exist, skipping
NOTICE:  table "_fb_wal_events" does not exist, skipping
NOTICE:  table "_fb_wal_relevant_commits" does not exist, skipping
NOTICE:  schema "pg_temp" does not exist, skipping
NOTICE:  table "_fb_wal_lock_ids" does not exist, skipping
NOTICE:  table "_fb_wal_batch" does not exist, skipping
NOTICE:  table "_fb_wal_commits" does not exist, skipping
NOTICE:  table "_fb_wal_events" does not exist, skipping
NOTICE:  table "_fb_wal_relevant_commits" does not exist, skipping
NOTICE:  schema "pg_temp" does not exist, skipping
NOTICE:  table "_fb_wal_lock_ids" does not exist, skipping
NOTICE:  table "_fb_wal_batch" does not exist, skipping
NOTICE:  table "_fb_wal_commits" does not exist, skipping
NOTICE:  table "_fb_wal_events" does not exist, skipping
NOTICE:  table "_fb_wal_relevant_commits" does not exist, skipping
NOTICE:  schema "pg_temp" does not exist, skipping
NOTICE:  table "_fb_wal_lock_ids" does not exist, skipping
NOTICE:  table "_fb_wal_batch" does not exist, skipping
NOTICE:  table "_fb_wal_commits" does not exist, skipping
NOTICE:  table "_fb_wal_events" does not exist, skipping
NOTICE:  table "_fb_wal_relevant_commits" does not exist, skipping
[exact-candidate-drop] 03:35:33 repeated DROP progress 40/100
NOTICE:  schema "pg_temp" does not exist, skipping
NOTICE:  table "_fb_wal_lock_ids" does not exist, skipping
NOTICE:  table "_fb_wal_batch" does not exist, skipping
NOTICE:  table "_fb_wal_commits" does not exist, skipping
NOTICE:  table "_fb_wal_events" does not exist, skipping
NOTICE:  table "_fb_wal_relevant_commits" does not exist, skipping
NOTICE:  schema "pg_temp" does not exist, skipping
NOTICE:  table "_fb_wal_lock_ids" does not exist, skipping
NOTICE:  table "_fb_wal_batch" does not exist, skipping
NOTICE:  table "_fb_wal_commits" does not exist, skipping
NOTICE:  table "_fb_wal_events" does not exist, skipping
NOTICE:  table "_fb_wal_relevant_commits" does not exist, skipping
NOTICE:  schema "pg_temp" does not exist, skipping
NOTICE:  table "_fb_wal_lock_ids" does not exist, skipping
NOTICE:  table "_fb_wal_batch" does not exist, skipping
NOTICE:  table "_fb_wal_commits" does not exist, skipping
NOTICE:  table "_fb_wal_events" does not exist, skipping
NOTICE:  table "_fb_wal_relevant_commits" does not exist, skipping
NOTICE:  schema "pg_temp" does not exist, skipping
NOTICE:  table "_fb_wal_lock_ids" does not exist, skipping
NOTICE:  table "_fb_wal_batch" does not exist, skipping
NOTICE:  table "_fb_wal_commits" does not exist, skipping
NOTICE:  table "_fb_wal_events" does not exist, skipping
NOTICE:  table "_fb_wal_relevant_commits" does not exist, skipping
NOTICE:  schema "pg_temp" does not exist, skipping
NOTICE:  table "_fb_wal_lock_ids" does not exist, skipping
NOTICE:  table "_fb_wal_batch" does not exist, skipping
NOTICE:  table "_fb_wal_commits" does not exist, skipping
NOTICE:  table "_fb_wal_events" does not exist, skipping
NOTICE:  table "_fb_wal_relevant_commits" does not exist, skipping
NOTICE:  schema "pg_temp" does not exist, skipping
NOTICE:  table "_fb_wal_lock_ids" does not exist, skipping
NOTICE:  table "_fb_wal_batch" does not exist, skipping
NOTICE:  table "_fb_wal_commits" does not exist, skipping
NOTICE:  table "_fb_wal_events" does not exist, skipping
NOTICE:  table "_fb_wal_relevant_commits" does not exist, skipping
NOTICE:  schema "pg_temp" does not exist, skipping
NOTICE:  table "_fb_wal_lock_ids" does not exist, skipping
NOTICE:  table "_fb_wal_batch" does not exist, skipping
NOTICE:  table "_fb_wal_commits" does not exist, skipping
NOTICE:  table "_fb_wal_events" does not exist, skipping
NOTICE:  table "_fb_wal_relevant_commits" does not exist, skipping
NOTICE:  schema "pg_temp" does not exist, skipping
NOTICE:  table "_fb_wal_lock_ids" does not exist, skipping
NOTICE:  table "_fb_wal_batch" does not exist, skipping
NOTICE:  table "_fb_wal_commits" does not exist, skipping
NOTICE:  table "_fb_wal_events" does not exist, skipping
NOTICE:  table "_fb_wal_relevant_commits" does not exist, skipping
NOTICE:  schema "pg_temp" does not exist, skipping
NOTICE:  table "_fb_wal_lock_ids" does not exist, skipping
NOTICE:  table "_fb_wal_batch" does not exist, skipping
NOTICE:  table "_fb_wal_commits" does not exist, skipping
NOTICE:  table "_fb_wal_events" does not exist, skipping
NOTICE:  table "_fb_wal_relevant_commits" does not exist, skipping
NOTICE:  schema "pg_temp" does not exist, skipping
NOTICE:  table "_fb_wal_lock_ids" does not exist, skipping
NOTICE:  table "_fb_wal_batch" does not exist, skipping
NOTICE:  table "_fb_wal_commits" does not exist, skipping
NOTICE:  table "_fb_wal_events" does not exist, skipping
NOTICE:  table "_fb_wal_relevant_commits" does not exist, skipping
NOTICE:  schema "pg_temp" does not exist, skipping
NOTICE:  table "_fb_wal_lock_ids" does not exist, skipping
NOTICE:  table "_fb_wal_batch" does not exist, skipping
NOTICE:  table "_fb_wal_commits" does not exist, skipping
NOTICE:  table "_fb_wal_events" does not exist, skipping
NOTICE:  table "_fb_wal_relevant_commits" does not exist, skipping
NOTICE:  schema "pg_temp" does not exist, skipping
NOTICE:  table "_fb_wal_lock_ids" does not exist, skipping
NOTICE:  table "_fb_wal_batch" does not exist, skipping
NOTICE:  table "_fb_wal_commits" does not exist, skipping
NOTICE:  table "_fb_wal_events" does not exist, skipping
NOTICE:  table "_fb_wal_relevant_commits" does not exist, skipping
NOTICE:  schema "pg_temp" does not exist, skipping
NOTICE:  table "_fb_wal_lock_ids" does not exist, skipping
NOTICE:  table "_fb_wal_batch" does not exist, skipping
NOTICE:  table "_fb_wal_commits" does not exist, skipping
NOTICE:  table "_fb_wal_events" does not exist, skipping
NOTICE:  table "_fb_wal_relevant_commits" does not exist, skipping
NOTICE:  schema "pg_temp" does not exist, skipping
NOTICE:  table "_fb_wal_lock_ids" does not exist, skipping
NOTICE:  table "_fb_wal_batch" does not exist, skipping
NOTICE:  table "_fb_wal_commits" does not exist, skipping
NOTICE:  table "_fb_wal_events" does not exist, skipping
NOTICE:  table "_fb_wal_relevant_commits" does not exist, skipping
NOTICE:  schema "pg_temp" does not exist, skipping
NOTICE:  table "_fb_wal_lock_ids" does not exist, skipping
NOTICE:  table "_fb_wal_batch" does not exist, skipping
NOTICE:  table "_fb_wal_commits" does not exist, skipping
NOTICE:  table "_fb_wal_events" does not exist, skipping
NOTICE:  table "_fb_wal_relevant_commits" does not exist, skipping
NOTICE:  schema "pg_temp" does not exist, skipping
NOTICE:  table "_fb_wal_lock_ids" does not exist, skipping
NOTICE:  table "_fb_wal_batch" does not exist, skipping
NOTICE:  table "_fb_wal_commits" does not exist, skipping
NOTICE:  table "_fb_wal_events" does not exist, skipping
NOTICE:  table "_fb_wal_relevant_commits" does not exist, skipping
NOTICE:  schema "pg_temp" does not exist, skipping
NOTICE:  table "_fb_wal_lock_ids" does not exist, skipping
NOTICE:  table "_fb_wal_batch" does not exist, skipping
NOTICE:  table "_fb_wal_commits" does not exist, skipping
NOTICE:  table "_fb_wal_events" does not exist, skipping
NOTICE:  table "_fb_wal_relevant_commits" does not exist, skipping
NOTICE:  schema "pg_temp" does not exist, skipping
NOTICE:  table "_fb_wal_lock_ids" does not exist, skipping
NOTICE:  table "_fb_wal_batch" does not exist, skipping
NOTICE:  table "_fb_wal_commits" does not exist, skipping
NOTICE:  table "_fb_wal_events" does not exist, skipping
NOTICE:  table "_fb_wal_relevant_commits" does not exist, skipping
NOTICE:  schema "pg_temp" does not exist, skipping
NOTICE:  table "_fb_wal_lock_ids" does not exist, skipping
NOTICE:  table "_fb_wal_batch" does not exist, skipping
NOTICE:  table "_fb_wal_commits" does not exist, skipping
NOTICE:  table "_fb_wal_events" does not exist, skipping
NOTICE:  table "_fb_wal_relevant_commits" does not exist, skipping
NOTICE:  schema "pg_temp" does not exist, skipping
NOTICE:  table "_fb_wal_lock_ids" does not exist, skipping
NOTICE:  table "_fb_wal_batch" does not exist, skipping
NOTICE:  table "_fb_wal_commits" does not exist, skipping
NOTICE:  table "_fb_wal_events" does not exist, skipping
NOTICE:  table "_fb_wal_relevant_commits" does not exist, skipping
NOTICE:  schema "pg_temp" does not exist, skipping
NOTICE:  table "_fb_wal_lock_ids" does not exist, skipping
NOTICE:  table "_fb_wal_batch" does not exist, skipping
NOTICE:  table "_fb_wal_commits" does not exist, skipping
NOTICE:  table "_fb_wal_events" does not exist, skipping
NOTICE:  table "_fb_wal_relevant_commits" does not exist, skipping
NOTICE:  schema "pg_temp" does not exist, skipping
NOTICE:  table "_fb_wal_lock_ids" does not exist, skipping
NOTICE:  table "_fb_wal_batch" does not exist, skipping
NOTICE:  table "_fb_wal_commits" does not exist, skipping
NOTICE:  table "_fb_wal_events" does not exist, skipping
NOTICE:  table "_fb_wal_relevant_commits" does not exist, skipping
NOTICE:  schema "pg_temp" does not exist, skipping
NOTICE:  table "_fb_wal_lock_ids" does not exist, skipping
NOTICE:  table "_fb_wal_batch" does not exist, skipping
NOTICE:  table "_fb_wal_commits" does not exist, skipping
NOTICE:  table "_fb_wal_events" does not exist, skipping
NOTICE:  table "_fb_wal_relevant_commits" does not exist, skipping
NOTICE:  schema "pg_temp" does not exist, skipping
NOTICE:  table "_fb_wal_lock_ids" does not exist, skipping
NOTICE:  table "_fb_wal_batch" does not exist, skipping
NOTICE:  table "_fb_wal_commits" does not exist, skipping
NOTICE:  table "_fb_wal_events" does not exist, skipping
NOTICE:  table "_fb_wal_relevant_commits" does not exist, skipping
NOTICE:  schema "pg_temp" does not exist, skipping
NOTICE:  table "_fb_wal_lock_ids" does not exist, skipping
NOTICE:  table "_fb_wal_batch" does not exist, skipping
NOTICE:  table "_fb_wal_commits" does not exist, skipping
NOTICE:  table "_fb_wal_events" does not exist, skipping
NOTICE:  table "_fb_wal_relevant_commits" does not exist, skipping
NOTICE:  schema "pg_temp" does not exist, skipping
NOTICE:  table "_fb_wal_lock_ids" does not exist, skipping
NOTICE:  table "_fb_wal_batch" does not exist, skipping
NOTICE:  table "_fb_wal_commits" does not exist, skipping
NOTICE:  table "_fb_wal_events" does not exist, skipping
NOTICE:  table "_fb_wal_relevant_commits" does not exist, skipping
NOTICE:  schema "pg_temp" does not exist, skipping
NOTICE:  table "_fb_wal_lock_ids" does not exist, skipping
NOTICE:  table "_fb_wal_batch" does not exist, skipping
NOTICE:  table "_fb_wal_commits" does not exist, skipping
NOTICE:  table "_fb_wal_events" does not exist, skipping
NOTICE:  table "_fb_wal_relevant_commits" does not exist, skipping
NOTICE:  schema "pg_temp" does not exist, skipping
NOTICE:  table "_fb_wal_lock_ids" does not exist, skipping
NOTICE:  table "_fb_wal_batch" does not exist, skipping
NOTICE:  table "_fb_wal_commits" does not exist, skipping
NOTICE:  table "_fb_wal_events" does not exist, skipping
NOTICE:  table "_fb_wal_relevant_commits" does not exist, skipping
NOTICE:  schema "pg_temp" does not exist, skipping
NOTICE:  table "_fb_wal_lock_ids" does not exist, skipping
NOTICE:  table "_fb_wal_batch" does not exist, skipping
NOTICE:  table "_fb_wal_commits" does not exist, skipping
NOTICE:  table "_fb_wal_events" does not exist, skipping
NOTICE:  table "_fb_wal_relevant_commits" does not exist, skipping
NOTICE:  schema "pg_temp" does not exist, skipping
NOTICE:  table "_fb_wal_lock_ids" does not exist, skipping
NOTICE:  table "_fb_wal_batch" does not exist, skipping
NOTICE:  table "_fb_wal_commits" does not exist, skipping
NOTICE:  table "_fb_wal_events" does not exist, skipping
NOTICE:  table "_fb_wal_relevant_commits" does not exist, skipping
[exact-candidate-drop] 03:35:36 repeated DROP progress 50/100
NOTICE:  schema "pg_temp" does not exist, skipping
NOTICE:  table "_fb_wal_lock_ids" does not exist, skipping
NOTICE:  table "_fb_wal_batch" does not exist, skipping
NOTICE:  table "_fb_wal_commits" does not exist, skipping
NOTICE:  table "_fb_wal_events" does not exist, skipping
NOTICE:  table "_fb_wal_relevant_commits" does not exist, skipping
NOTICE:  schema "pg_temp" does not exist, skipping
NOTICE:  table "_fb_wal_lock_ids" does not exist, skipping
NOTICE:  table "_fb_wal_batch" does not exist, skipping
NOTICE:  table "_fb_wal_commits" does not exist, skipping
NOTICE:  table "_fb_wal_events" does not exist, skipping
NOTICE:  table "_fb_wal_relevant_commits" does not exist, skipping
NOTICE:  schema "pg_temp" does not exist, skipping
NOTICE:  table "_fb_wal_lock_ids" does not exist, skipping
NOTICE:  table "_fb_wal_batch" does not exist, skipping
NOTICE:  table "_fb_wal_commits" does not exist, skipping
NOTICE:  table "_fb_wal_events" does not exist, skipping
NOTICE:  table "_fb_wal_relevant_commits" does not exist, skipping
NOTICE:  schema "pg_temp" does not exist, skipping
NOTICE:  table "_fb_wal_lock_ids" does not exist, skipping
NOTICE:  table "_fb_wal_batch" does not exist, skipping
NOTICE:  table "_fb_wal_commits" does not exist, skipping
NOTICE:  table "_fb_wal_events" does not exist, skipping
NOTICE:  table "_fb_wal_relevant_commits" does not exist, skipping
NOTICE:  schema "pg_temp" does not exist, skipping
NOTICE:  table "_fb_wal_lock_ids" does not exist, skipping
NOTICE:  table "_fb_wal_batch" does not exist, skipping
NOTICE:  table "_fb_wal_commits" does not exist, skipping
NOTICE:  table "_fb_wal_events" does not exist, skipping
NOTICE:  table "_fb_wal_relevant_commits" does not exist, skipping
NOTICE:  schema "pg_temp" does not exist, skipping
NOTICE:  table "_fb_wal_lock_ids" does not exist, skipping
NOTICE:  table "_fb_wal_batch" does not exist, skipping
NOTICE:  table "_fb_wal_commits" does not exist, skipping
NOTICE:  table "_fb_wal_events" does not exist, skipping
NOTICE:  table "_fb_wal_relevant_commits" does not exist, skipping
NOTICE:  schema "pg_temp" does not exist, skipping
NOTICE:  table "_fb_wal_lock_ids" does not exist, skipping
NOTICE:  table "_fb_wal_batch" does not exist, skipping
NOTICE:  table "_fb_wal_commits" does not exist, skipping
NOTICE:  table "_fb_wal_events" does not exist, skipping
NOTICE:  table "_fb_wal_relevant_commits" does not exist, skipping
NOTICE:  schema "pg_temp" does not exist, skipping
NOTICE:  table "_fb_wal_lock_ids" does not exist, skipping
NOTICE:  table "_fb_wal_batch" does not exist, skipping
NOTICE:  table "_fb_wal_commits" does not exist, skipping
NOTICE:  table "_fb_wal_events" does not exist, skipping
NOTICE:  table "_fb_wal_relevant_commits" does not exist, skipping
NOTICE:  schema "pg_temp" does not exist, skipping
NOTICE:  table "_fb_wal_lock_ids" does not exist, skipping
NOTICE:  table "_fb_wal_batch" does not exist, skipping
NOTICE:  table "_fb_wal_commits" does not exist, skipping
NOTICE:  table "_fb_wal_events" does not exist, skipping
NOTICE:  table "_fb_wal_relevant_commits" does not exist, skipping
NOTICE:  schema "pg_temp" does not exist, skipping
NOTICE:  table "_fb_wal_lock_ids" does not exist, skipping
NOTICE:  table "_fb_wal_batch" does not exist, skipping
NOTICE:  table "_fb_wal_commits" does not exist, skipping
NOTICE:  table "_fb_wal_events" does not exist, skipping
NOTICE:  table "_fb_wal_relevant_commits" does not exist, skipping
NOTICE:  schema "pg_temp" does not exist, skipping
NOTICE:  table "_fb_wal_lock_ids" does not exist, skipping
NOTICE:  table "_fb_wal_batch" does not exist, skipping
NOTICE:  table "_fb_wal_commits" does not exist, skipping
NOTICE:  table "_fb_wal_events" does not exist, skipping
NOTICE:  table "_fb_wal_relevant_commits" does not exist, skipping
NOTICE:  schema "pg_temp" does not exist, skipping
NOTICE:  table "_fb_wal_lock_ids" does not exist, skipping
NOTICE:  table "_fb_wal_batch" does not exist, skipping
NOTICE:  table "_fb_wal_commits" does not exist, skipping
NOTICE:  table "_fb_wal_events" does not exist, skipping
NOTICE:  table "_fb_wal_relevant_commits" does not exist, skipping
NOTICE:  schema "pg_temp" does not exist, skipping
NOTICE:  table "_fb_wal_lock_ids" does not exist, skipping
NOTICE:  table "_fb_wal_batch" does not exist, skipping
NOTICE:  table "_fb_wal_commits" does not exist, skipping
NOTICE:  table "_fb_wal_events" does not exist, skipping
NOTICE:  table "_fb_wal_relevant_commits" does not exist, skipping
NOTICE:  schema "pg_temp" does not exist, skipping
NOTICE:  table "_fb_wal_lock_ids" does not exist, skipping
NOTICE:  table "_fb_wal_batch" does not exist, skipping
NOTICE:  table "_fb_wal_commits" does not exist, skipping
NOTICE:  table "_fb_wal_events" does not exist, skipping
NOTICE:  table "_fb_wal_relevant_commits" does not exist, skipping
NOTICE:  schema "pg_temp" does not exist, skipping
NOTICE:  table "_fb_wal_lock_ids" does not exist, skipping
NOTICE:  table "_fb_wal_batch" does not exist, skipping
NOTICE:  table "_fb_wal_commits" does not exist, skipping
NOTICE:  table "_fb_wal_events" does not exist, skipping
NOTICE:  table "_fb_wal_relevant_commits" does not exist, skipping
NOTICE:  schema "pg_temp" does not exist, skipping
NOTICE:  table "_fb_wal_lock_ids" does not exist, skipping
NOTICE:  table "_fb_wal_batch" does not exist, skipping
NOTICE:  table "_fb_wal_commits" does not exist, skipping
NOTICE:  table "_fb_wal_events" does not exist, skipping
NOTICE:  table "_fb_wal_relevant_commits" does not exist, skipping
NOTICE:  schema "pg_temp" does not exist, skipping
NOTICE:  table "_fb_wal_lock_ids" does not exist, skipping
NOTICE:  table "_fb_wal_batch" does not exist, skipping
NOTICE:  table "_fb_wal_commits" does not exist, skipping
NOTICE:  table "_fb_wal_events" does not exist, skipping
NOTICE:  table "_fb_wal_relevant_commits" does not exist, skipping
NOTICE:  schema "pg_temp" does not exist, skipping
NOTICE:  table "_fb_wal_lock_ids" does not exist, skipping
NOTICE:  table "_fb_wal_batch" does not exist, skipping
NOTICE:  table "_fb_wal_commits" does not exist, skipping
NOTICE:  table "_fb_wal_events" does not exist, skipping
NOTICE:  table "_fb_wal_relevant_commits" does not exist, skipping
NOTICE:  schema "pg_temp" does not exist, skipping
NOTICE:  table "_fb_wal_lock_ids" does not exist, skipping
NOTICE:  table "_fb_wal_batch" does not exist, skipping
NOTICE:  table "_fb_wal_commits" does not exist, skipping
NOTICE:  table "_fb_wal_events" does not exist, skipping
NOTICE:  table "_fb_wal_relevant_commits" does not exist, skipping
NOTICE:  schema "pg_temp" does not exist, skipping
NOTICE:  table "_fb_wal_lock_ids" does not exist, skipping
NOTICE:  table "_fb_wal_batch" does not exist, skipping
NOTICE:  table "_fb_wal_commits" does not exist, skipping
NOTICE:  table "_fb_wal_events" does not exist, skipping
NOTICE:  table "_fb_wal_relevant_commits" does not exist, skipping
NOTICE:  schema "pg_temp" does not exist, skipping
NOTICE:  table "_fb_wal_lock_ids" does not exist, skipping
NOTICE:  table "_fb_wal_batch" does not exist, skipping
NOTICE:  table "_fb_wal_commits" does not exist, skipping
NOTICE:  table "_fb_wal_events" does not exist, skipping
NOTICE:  table "_fb_wal_relevant_commits" does not exist, skipping
NOTICE:  schema "pg_temp" does not exist, skipping
NOTICE:  table "_fb_wal_lock_ids" does not exist, skipping
NOTICE:  table "_fb_wal_batch" does not exist, skipping
NOTICE:  table "_fb_wal_commits" does not exist, skipping
NOTICE:  table "_fb_wal_events" does not exist, skipping
NOTICE:  table "_fb_wal_relevant_commits" does not exist, skipping
NOTICE:  schema "pg_temp" does not exist, skipping
NOTICE:  table "_fb_wal_lock_ids" does not exist, skipping
NOTICE:  table "_fb_wal_batch" does not exist, skipping
NOTICE:  table "_fb_wal_commits" does not exist, skipping
NOTICE:  table "_fb_wal_events" does not exist, skipping
NOTICE:  table "_fb_wal_relevant_commits" does not exist, skipping
NOTICE:  schema "pg_temp" does not exist, skipping
NOTICE:  table "_fb_wal_lock_ids" does not exist, skipping
NOTICE:  table "_fb_wal_batch" does not exist, skipping
NOTICE:  table "_fb_wal_commits" does not exist, skipping
NOTICE:  table "_fb_wal_events" does not exist, skipping
NOTICE:  table "_fb_wal_relevant_commits" does not exist, skipping
NOTICE:  schema "pg_temp" does not exist, skipping
NOTICE:  table "_fb_wal_lock_ids" does not exist, skipping
NOTICE:  table "_fb_wal_batch" does not exist, skipping
NOTICE:  table "_fb_wal_commits" does not exist, skipping
NOTICE:  table "_fb_wal_events" does not exist, skipping
NOTICE:  table "_fb_wal_relevant_commits" does not exist, skipping
NOTICE:  schema "pg_temp" does not exist, skipping
NOTICE:  table "_fb_wal_lock_ids" does not exist, skipping
NOTICE:  table "_fb_wal_batch" does not exist, skipping
NOTICE:  table "_fb_wal_commits" does not exist, skipping
NOTICE:  table "_fb_wal_events" does not exist, skipping
NOTICE:  table "_fb_wal_relevant_commits" does not exist, skipping
NOTICE:  schema "pg_temp" does not exist, skipping
NOTICE:  table "_fb_wal_lock_ids" does not exist, skipping
NOTICE:  table "_fb_wal_batch" does not exist, skipping
NOTICE:  table "_fb_wal_commits" does not exist, skipping
NOTICE:  table "_fb_wal_events" does not exist, skipping
NOTICE:  table "_fb_wal_relevant_commits" does not exist, skipping
NOTICE:  schema "pg_temp" does not exist, skipping
NOTICE:  table "_fb_wal_lock_ids" does not exist, skipping
NOTICE:  table "_fb_wal_batch" does not exist, skipping
NOTICE:  table "_fb_wal_commits" does not exist, skipping
NOTICE:  table "_fb_wal_events" does not exist, skipping
NOTICE:  table "_fb_wal_relevant_commits" does not exist, skipping
NOTICE:  schema "pg_temp" does not exist, skipping
NOTICE:  table "_fb_wal_lock_ids" does not exist, skipping
NOTICE:  table "_fb_wal_batch" does not exist, skipping
NOTICE:  table "_fb_wal_commits" does not exist, skipping
NOTICE:  table "_fb_wal_events" does not exist, skipping
NOTICE:  table "_fb_wal_relevant_commits" does not exist, skipping
NOTICE:  schema "pg_temp" does not exist, skipping
NOTICE:  table "_fb_wal_lock_ids" does not exist, skipping
NOTICE:  table "_fb_wal_batch" does not exist, skipping
NOTICE:  table "_fb_wal_commits" does not exist, skipping
NOTICE:  table "_fb_wal_events" does not exist, skipping
NOTICE:  table "_fb_wal_relevant_commits" does not exist, skipping
[exact-candidate-drop] 03:35:39 repeated DROP progress 60/100
NOTICE:  schema "pg_temp" does not exist, skipping
NOTICE:  table "_fb_wal_lock_ids" does not exist, skipping
NOTICE:  table "_fb_wal_batch" does not exist, skipping
NOTICE:  table "_fb_wal_commits" does not exist, skipping
NOTICE:  table "_fb_wal_events" does not exist, skipping
NOTICE:  table "_fb_wal_relevant_commits" does not exist, skipping
NOTICE:  schema "pg_temp" does not exist, skipping
NOTICE:  table "_fb_wal_lock_ids" does not exist, skipping
NOTICE:  table "_fb_wal_batch" does not exist, skipping
NOTICE:  table "_fb_wal_commits" does not exist, skipping
NOTICE:  table "_fb_wal_events" does not exist, skipping
NOTICE:  table "_fb_wal_relevant_commits" does not exist, skipping
NOTICE:  schema "pg_temp" does not exist, skipping
NOTICE:  table "_fb_wal_lock_ids" does not exist, skipping
NOTICE:  table "_fb_wal_batch" does not exist, skipping
NOTICE:  table "_fb_wal_commits" does not exist, skipping
NOTICE:  table "_fb_wal_events" does not exist, skipping
NOTICE:  table "_fb_wal_relevant_commits" does not exist, skipping
NOTICE:  schema "pg_temp" does not exist, skipping
NOTICE:  table "_fb_wal_lock_ids" does not exist, skipping
NOTICE:  table "_fb_wal_batch" does not exist, skipping
NOTICE:  table "_fb_wal_commits" does not exist, skipping
NOTICE:  table "_fb_wal_events" does not exist, skipping
NOTICE:  table "_fb_wal_relevant_commits" does not exist, skipping
NOTICE:  schema "pg_temp" does not exist, skipping
NOTICE:  table "_fb_wal_lock_ids" does not exist, skipping
NOTICE:  table "_fb_wal_batch" does not exist, skipping
NOTICE:  table "_fb_wal_commits" does not exist, skipping
NOTICE:  table "_fb_wal_events" does not exist, skipping
NOTICE:  table "_fb_wal_relevant_commits" does not exist, skipping
NOTICE:  schema "pg_temp" does not exist, skipping
NOTICE:  table "_fb_wal_lock_ids" does not exist, skipping
NOTICE:  table "_fb_wal_batch" does not exist, skipping
NOTICE:  table "_fb_wal_commits" does not exist, skipping
NOTICE:  table "_fb_wal_events" does not exist, skipping
NOTICE:  table "_fb_wal_relevant_commits" does not exist, skipping
NOTICE:  schema "pg_temp" does not exist, skipping
NOTICE:  table "_fb_wal_lock_ids" does not exist, skipping
NOTICE:  table "_fb_wal_batch" does not exist, skipping
NOTICE:  table "_fb_wal_commits" does not exist, skipping
NOTICE:  table "_fb_wal_events" does not exist, skipping
NOTICE:  table "_fb_wal_relevant_commits" does not exist, skipping
NOTICE:  schema "pg_temp" does not exist, skipping
NOTICE:  table "_fb_wal_lock_ids" does not exist, skipping
NOTICE:  table "_fb_wal_batch" does not exist, skipping
NOTICE:  table "_fb_wal_commits" does not exist, skipping
NOTICE:  table "_fb_wal_events" does not exist, skipping
NOTICE:  table "_fb_wal_relevant_commits" does not exist, skipping
NOTICE:  schema "pg_temp" does not exist, skipping
NOTICE:  table "_fb_wal_lock_ids" does not exist, skipping
NOTICE:  table "_fb_wal_batch" does not exist, skipping
NOTICE:  table "_fb_wal_commits" does not exist, skipping
NOTICE:  table "_fb_wal_events" does not exist, skipping
NOTICE:  table "_fb_wal_relevant_commits" does not exist, skipping
NOTICE:  schema "pg_temp" does not exist, skipping
NOTICE:  table "_fb_wal_lock_ids" does not exist, skipping
NOTICE:  table "_fb_wal_batch" does not exist, skipping
NOTICE:  table "_fb_wal_commits" does not exist, skipping
NOTICE:  table "_fb_wal_events" does not exist, skipping
NOTICE:  table "_fb_wal_relevant_commits" does not exist, skipping
NOTICE:  schema "pg_temp" does not exist, skipping
NOTICE:  table "_fb_wal_lock_ids" does not exist, skipping
NOTICE:  table "_fb_wal_batch" does not exist, skipping
NOTICE:  table "_fb_wal_commits" does not exist, skipping
NOTICE:  table "_fb_wal_events" does not exist, skipping
NOTICE:  table "_fb_wal_relevant_commits" does not exist, skipping
NOTICE:  schema "pg_temp" does not exist, skipping
NOTICE:  table "_fb_wal_lock_ids" does not exist, skipping
NOTICE:  table "_fb_wal_batch" does not exist, skipping
NOTICE:  table "_fb_wal_commits" does not exist, skipping
NOTICE:  table "_fb_wal_events" does not exist, skipping
NOTICE:  table "_fb_wal_relevant_commits" does not exist, skipping
NOTICE:  schema "pg_temp" does not exist, skipping
NOTICE:  table "_fb_wal_lock_ids" does not exist, skipping
NOTICE:  table "_fb_wal_batch" does not exist, skipping
NOTICE:  table "_fb_wal_commits" does not exist, skipping
NOTICE:  table "_fb_wal_events" does not exist, skipping
NOTICE:  table "_fb_wal_relevant_commits" does not exist, skipping
NOTICE:  schema "pg_temp" does not exist, skipping
NOTICE:  table "_fb_wal_lock_ids" does not exist, skipping
NOTICE:  table "_fb_wal_batch" does not exist, skipping
NOTICE:  table "_fb_wal_commits" does not exist, skipping
NOTICE:  table "_fb_wal_events" does not exist, skipping
NOTICE:  table "_fb_wal_relevant_commits" does not exist, skipping
NOTICE:  schema "pg_temp" does not exist, skipping
NOTICE:  table "_fb_wal_lock_ids" does not exist, skipping
NOTICE:  table "_fb_wal_batch" does not exist, skipping
NOTICE:  table "_fb_wal_commits" does not exist, skipping
NOTICE:  table "_fb_wal_events" does not exist, skipping
NOTICE:  table "_fb_wal_relevant_commits" does not exist, skipping
NOTICE:  schema "pg_temp" does not exist, skipping
NOTICE:  table "_fb_wal_lock_ids" does not exist, skipping
NOTICE:  table "_fb_wal_batch" does not exist, skipping
NOTICE:  table "_fb_wal_commits" does not exist, skipping
NOTICE:  table "_fb_wal_events" does not exist, skipping
NOTICE:  table "_fb_wal_relevant_commits" does not exist, skipping
NOTICE:  schema "pg_temp" does not exist, skipping
NOTICE:  table "_fb_wal_lock_ids" does not exist, skipping
NOTICE:  table "_fb_wal_batch" does not exist, skipping
NOTICE:  table "_fb_wal_commits" does not exist, skipping
NOTICE:  table "_fb_wal_events" does not exist, skipping
NOTICE:  table "_fb_wal_relevant_commits" does not exist, skipping
NOTICE:  schema "pg_temp" does not exist, skipping
NOTICE:  table "_fb_wal_lock_ids" does not exist, skipping
NOTICE:  table "_fb_wal_batch" does not exist, skipping
NOTICE:  table "_fb_wal_commits" does not exist, skipping
NOTICE:  table "_fb_wal_events" does not exist, skipping
NOTICE:  table "_fb_wal_relevant_commits" does not exist, skipping
NOTICE:  schema "pg_temp" does not exist, skipping
NOTICE:  table "_fb_wal_lock_ids" does not exist, skipping
NOTICE:  table "_fb_wal_batch" does not exist, skipping
NOTICE:  table "_fb_wal_commits" does not exist, skipping
NOTICE:  table "_fb_wal_events" does not exist, skipping
NOTICE:  table "_fb_wal_relevant_commits" does not exist, skipping
NOTICE:  schema "pg_temp" does not exist, skipping
NOTICE:  table "_fb_wal_lock_ids" does not exist, skipping
NOTICE:  table "_fb_wal_batch" does not exist, skipping
NOTICE:  table "_fb_wal_commits" does not exist, skipping
NOTICE:  table "_fb_wal_events" does not exist, skipping
NOTICE:  table "_fb_wal_relevant_commits" does not exist, skipping
NOTICE:  schema "pg_temp" does not exist, skipping
NOTICE:  table "_fb_wal_lock_ids" does not exist, skipping
NOTICE:  table "_fb_wal_batch" does not exist, skipping
NOTICE:  table "_fb_wal_commits" does not exist, skipping
NOTICE:  table "_fb_wal_events" does not exist, skipping
NOTICE:  table "_fb_wal_relevant_commits" does not exist, skipping
NOTICE:  schema "pg_temp" does not exist, skipping
NOTICE:  table "_fb_wal_lock_ids" does not exist, skipping
NOTICE:  table "_fb_wal_batch" does not exist, skipping
NOTICE:  table "_fb_wal_commits" does not exist, skipping
NOTICE:  table "_fb_wal_events" does not exist, skipping
NOTICE:  table "_fb_wal_relevant_commits" does not exist, skipping
NOTICE:  schema "pg_temp" does not exist, skipping
NOTICE:  table "_fb_wal_lock_ids" does not exist, skipping
NOTICE:  table "_fb_wal_batch" does not exist, skipping
NOTICE:  table "_fb_wal_commits" does not exist, skipping
NOTICE:  table "_fb_wal_events" does not exist, skipping
NOTICE:  table "_fb_wal_relevant_commits" does not exist, skipping
NOTICE:  schema "pg_temp" does not exist, skipping
NOTICE:  table "_fb_wal_lock_ids" does not exist, skipping
NOTICE:  table "_fb_wal_batch" does not exist, skipping
NOTICE:  table "_fb_wal_commits" does not exist, skipping
NOTICE:  table "_fb_wal_events" does not exist, skipping
NOTICE:  table "_fb_wal_relevant_commits" does not exist, skipping
NOTICE:  schema "pg_temp" does not exist, skipping
NOTICE:  table "_fb_wal_lock_ids" does not exist, skipping
NOTICE:  table "_fb_wal_batch" does not exist, skipping
NOTICE:  table "_fb_wal_commits" does not exist, skipping
NOTICE:  table "_fb_wal_events" does not exist, skipping
NOTICE:  table "_fb_wal_relevant_commits" does not exist, skipping
NOTICE:  schema "pg_temp" does not exist, skipping
NOTICE:  table "_fb_wal_lock_ids" does not exist, skipping
NOTICE:  table "_fb_wal_batch" does not exist, skipping
NOTICE:  table "_fb_wal_commits" does not exist, skipping
NOTICE:  table "_fb_wal_events" does not exist, skipping
NOTICE:  table "_fb_wal_relevant_commits" does not exist, skipping
NOTICE:  schema "pg_temp" does not exist, skipping
NOTICE:  table "_fb_wal_lock_ids" does not exist, skipping
NOTICE:  table "_fb_wal_batch" does not exist, skipping
NOTICE:  table "_fb_wal_commits" does not exist, skipping
NOTICE:  table "_fb_wal_events" does not exist, skipping
NOTICE:  table "_fb_wal_relevant_commits" does not exist, skipping
NOTICE:  schema "pg_temp" does not exist, skipping
NOTICE:  table "_fb_wal_lock_ids" does not exist, skipping
NOTICE:  table "_fb_wal_batch" does not exist, skipping
NOTICE:  table "_fb_wal_commits" does not exist, skipping
NOTICE:  table "_fb_wal_events" does not exist, skipping
NOTICE:  table "_fb_wal_relevant_commits" does not exist, skipping
NOTICE:  schema "pg_temp" does not exist, skipping
NOTICE:  table "_fb_wal_lock_ids" does not exist, skipping
NOTICE:  table "_fb_wal_batch" does not exist, skipping
NOTICE:  table "_fb_wal_commits" does not exist, skipping
NOTICE:  table "_fb_wal_events" does not exist, skipping
NOTICE:  table "_fb_wal_relevant_commits" does not exist, skipping
NOTICE:  schema "pg_temp" does not exist, skipping
NOTICE:  table "_fb_wal_lock_ids" does not exist, skipping
NOTICE:  table "_fb_wal_batch" does not exist, skipping
NOTICE:  table "_fb_wal_commits" does not exist, skipping
NOTICE:  table "_fb_wal_events" does not exist, skipping
NOTICE:  table "_fb_wal_relevant_commits" does not exist, skipping
[exact-candidate-drop] 03:35:44 repeated DROP progress 70/100
NOTICE:  schema "pg_temp" does not exist, skipping
NOTICE:  table "_fb_wal_lock_ids" does not exist, skipping
NOTICE:  table "_fb_wal_batch" does not exist, skipping
NOTICE:  table "_fb_wal_commits" does not exist, skipping
NOTICE:  table "_fb_wal_events" does not exist, skipping
NOTICE:  table "_fb_wal_relevant_commits" does not exist, skipping
NOTICE:  schema "pg_temp" does not exist, skipping
NOTICE:  table "_fb_wal_lock_ids" does not exist, skipping
NOTICE:  table "_fb_wal_batch" does not exist, skipping
NOTICE:  table "_fb_wal_commits" does not exist, skipping
NOTICE:  table "_fb_wal_events" does not exist, skipping
NOTICE:  table "_fb_wal_relevant_commits" does not exist, skipping
NOTICE:  schema "pg_temp" does not exist, skipping
NOTICE:  table "_fb_wal_lock_ids" does not exist, skipping
NOTICE:  table "_fb_wal_batch" does not exist, skipping
NOTICE:  table "_fb_wal_commits" does not exist, skipping
NOTICE:  table "_fb_wal_events" does not exist, skipping
NOTICE:  table "_fb_wal_relevant_commits" does not exist, skipping
NOTICE:  schema "pg_temp" does not exist, skipping
NOTICE:  table "_fb_wal_lock_ids" does not exist, skipping
NOTICE:  table "_fb_wal_batch" does not exist, skipping
NOTICE:  table "_fb_wal_commits" does not exist, skipping
NOTICE:  table "_fb_wal_events" does not exist, skipping
NOTICE:  table "_fb_wal_relevant_commits" does not exist, skipping
NOTICE:  schema "pg_temp" does not exist, skipping
NOTICE:  table "_fb_wal_lock_ids" does not exist, skipping
NOTICE:  table "_fb_wal_batch" does not exist, skipping
NOTICE:  table "_fb_wal_commits" does not exist, skipping
NOTICE:  table "_fb_wal_events" does not exist, skipping
NOTICE:  table "_fb_wal_relevant_commits" does not exist, skipping
NOTICE:  schema "pg_temp" does not exist, skipping
NOTICE:  table "_fb_wal_lock_ids" does not exist, skipping
NOTICE:  table "_fb_wal_batch" does not exist, skipping
NOTICE:  table "_fb_wal_commits" does not exist, skipping
NOTICE:  table "_fb_wal_events" does not exist, skipping
NOTICE:  table "_fb_wal_relevant_commits" does not exist, skipping
NOTICE:  schema "pg_temp" does not exist, skipping
NOTICE:  table "_fb_wal_lock_ids" does not exist, skipping
NOTICE:  table "_fb_wal_batch" does not exist, skipping
NOTICE:  table "_fb_wal_commits" does not exist, skipping
NOTICE:  table "_fb_wal_events" does not exist, skipping
NOTICE:  table "_fb_wal_relevant_commits" does not exist, skipping
NOTICE:  schema "pg_temp" does not exist, skipping
NOTICE:  table "_fb_wal_lock_ids" does not exist, skipping
NOTICE:  table "_fb_wal_batch" does not exist, skipping
NOTICE:  table "_fb_wal_commits" does not exist, skipping
NOTICE:  table "_fb_wal_events" does not exist, skipping
NOTICE:  table "_fb_wal_relevant_commits" does not exist, skipping
NOTICE:  schema "pg_temp" does not exist, skipping
NOTICE:  table "_fb_wal_lock_ids" does not exist, skipping
NOTICE:  table "_fb_wal_batch" does not exist, skipping
NOTICE:  table "_fb_wal_commits" does not exist, skipping
NOTICE:  table "_fb_wal_events" does not exist, skipping
NOTICE:  table "_fb_wal_relevant_commits" does not exist, skipping
NOTICE:  schema "pg_temp" does not exist, skipping
NOTICE:  table "_fb_wal_lock_ids" does not exist, skipping
NOTICE:  table "_fb_wal_batch" does not exist, skipping
NOTICE:  table "_fb_wal_commits" does not exist, skipping
NOTICE:  table "_fb_wal_events" does not exist, skipping
NOTICE:  table "_fb_wal_relevant_commits" does not exist, skipping
NOTICE:  schema "pg_temp" does not exist, skipping
NOTICE:  table "_fb_wal_lock_ids" does not exist, skipping
NOTICE:  table "_fb_wal_batch" does not exist, skipping
NOTICE:  table "_fb_wal_commits" does not exist, skipping
NOTICE:  table "_fb_wal_events" does not exist, skipping
NOTICE:  table "_fb_wal_relevant_commits" does not exist, skipping
NOTICE:  schema "pg_temp" does not exist, skipping
NOTICE:  table "_fb_wal_lock_ids" does not exist, skipping
NOTICE:  table "_fb_wal_batch" does not exist, skipping
NOTICE:  table "_fb_wal_commits" does not exist, skipping
NOTICE:  table "_fb_wal_events" does not exist, skipping
NOTICE:  table "_fb_wal_relevant_commits" does not exist, skipping
NOTICE:  schema "pg_temp" does not exist, skipping
NOTICE:  table "_fb_wal_lock_ids" does not exist, skipping
NOTICE:  table "_fb_wal_batch" does not exist, skipping
NOTICE:  table "_fb_wal_commits" does not exist, skipping
NOTICE:  table "_fb_wal_events" does not exist, skipping
NOTICE:  table "_fb_wal_relevant_commits" does not exist, skipping
NOTICE:  schema "pg_temp" does not exist, skipping
NOTICE:  table "_fb_wal_lock_ids" does not exist, skipping
NOTICE:  table "_fb_wal_batch" does not exist, skipping
NOTICE:  table "_fb_wal_commits" does not exist, skipping
NOTICE:  table "_fb_wal_events" does not exist, skipping
NOTICE:  table "_fb_wal_relevant_commits" does not exist, skipping
NOTICE:  schema "pg_temp" does not exist, skipping
NOTICE:  table "_fb_wal_lock_ids" does not exist, skipping
NOTICE:  table "_fb_wal_batch" does not exist, skipping
NOTICE:  table "_fb_wal_commits" does not exist, skipping
NOTICE:  table "_fb_wal_events" does not exist, skipping
NOTICE:  table "_fb_wal_relevant_commits" does not exist, skipping
NOTICE:  schema "pg_temp" does not exist, skipping
NOTICE:  table "_fb_wal_lock_ids" does not exist, skipping
NOTICE:  table "_fb_wal_batch" does not exist, skipping
NOTICE:  table "_fb_wal_commits" does not exist, skipping
NOTICE:  table "_fb_wal_events" does not exist, skipping
NOTICE:  table "_fb_wal_relevant_commits" does not exist, skipping
NOTICE:  schema "pg_temp" does not exist, skipping
NOTICE:  table "_fb_wal_lock_ids" does not exist, skipping
NOTICE:  table "_fb_wal_batch" does not exist, skipping
NOTICE:  table "_fb_wal_commits" does not exist, skipping
NOTICE:  table "_fb_wal_events" does not exist, skipping
NOTICE:  table "_fb_wal_relevant_commits" does not exist, skipping
NOTICE:  schema "pg_temp" does not exist, skipping
NOTICE:  table "_fb_wal_lock_ids" does not exist, skipping
NOTICE:  table "_fb_wal_batch" does not exist, skipping
NOTICE:  table "_fb_wal_commits" does not exist, skipping
NOTICE:  table "_fb_wal_events" does not exist, skipping
NOTICE:  table "_fb_wal_relevant_commits" does not exist, skipping
NOTICE:  schema "pg_temp" does not exist, skipping
NOTICE:  table "_fb_wal_lock_ids" does not exist, skipping
NOTICE:  table "_fb_wal_batch" does not exist, skipping
NOTICE:  table "_fb_wal_commits" does not exist, skipping
NOTICE:  table "_fb_wal_events" does not exist, skipping
NOTICE:  table "_fb_wal_relevant_commits" does not exist, skipping
NOTICE:  schema "pg_temp" does not exist, skipping
NOTICE:  table "_fb_wal_lock_ids" does not exist, skipping
NOTICE:  table "_fb_wal_batch" does not exist, skipping
NOTICE:  table "_fb_wal_commits" does not exist, skipping
NOTICE:  table "_fb_wal_events" does not exist, skipping
NOTICE:  table "_fb_wal_relevant_commits" does not exist, skipping
NOTICE:  schema "pg_temp" does not exist, skipping
NOTICE:  table "_fb_wal_lock_ids" does not exist, skipping
NOTICE:  table "_fb_wal_batch" does not exist, skipping
NOTICE:  table "_fb_wal_commits" does not exist, skipping
NOTICE:  table "_fb_wal_events" does not exist, skipping
NOTICE:  table "_fb_wal_relevant_commits" does not exist, skipping
NOTICE:  schema "pg_temp" does not exist, skipping
NOTICE:  table "_fb_wal_lock_ids" does not exist, skipping
NOTICE:  table "_fb_wal_batch" does not exist, skipping
NOTICE:  table "_fb_wal_commits" does not exist, skipping
NOTICE:  table "_fb_wal_events" does not exist, skipping
NOTICE:  table "_fb_wal_relevant_commits" does not exist, skipping
NOTICE:  schema "pg_temp" does not exist, skipping
NOTICE:  table "_fb_wal_lock_ids" does not exist, skipping
NOTICE:  table "_fb_wal_batch" does not exist, skipping
NOTICE:  table "_fb_wal_commits" does not exist, skipping
NOTICE:  table "_fb_wal_events" does not exist, skipping
NOTICE:  table "_fb_wal_relevant_commits" does not exist, skipping
NOTICE:  schema "pg_temp" does not exist, skipping
NOTICE:  table "_fb_wal_lock_ids" does not exist, skipping
NOTICE:  table "_fb_wal_batch" does not exist, skipping
NOTICE:  table "_fb_wal_commits" does not exist, skipping
NOTICE:  table "_fb_wal_events" does not exist, skipping
NOTICE:  table "_fb_wal_relevant_commits" does not exist, skipping
NOTICE:  schema "pg_temp" does not exist, skipping
NOTICE:  table "_fb_wal_lock_ids" does not exist, skipping
NOTICE:  table "_fb_wal_batch" does not exist, skipping
NOTICE:  table "_fb_wal_commits" does not exist, skipping
NOTICE:  table "_fb_wal_events" does not exist, skipping
NOTICE:  table "_fb_wal_relevant_commits" does not exist, skipping
NOTICE:  schema "pg_temp" does not exist, skipping
NOTICE:  table "_fb_wal_lock_ids" does not exist, skipping
NOTICE:  table "_fb_wal_batch" does not exist, skipping
NOTICE:  table "_fb_wal_commits" does not exist, skipping
NOTICE:  table "_fb_wal_events" does not exist, skipping
NOTICE:  table "_fb_wal_relevant_commits" does not exist, skipping
NOTICE:  schema "pg_temp" does not exist, skipping
NOTICE:  table "_fb_wal_lock_ids" does not exist, skipping
NOTICE:  table "_fb_wal_batch" does not exist, skipping
NOTICE:  table "_fb_wal_commits" does not exist, skipping
NOTICE:  table "_fb_wal_events" does not exist, skipping
NOTICE:  table "_fb_wal_relevant_commits" does not exist, skipping
[exact-candidate-drop] 03:35:49 repeated DROP progress 80/100
NOTICE:  schema "pg_temp" does not exist, skipping
NOTICE:  table "_fb_wal_lock_ids" does not exist, skipping
NOTICE:  table "_fb_wal_batch" does not exist, skipping
NOTICE:  table "_fb_wal_commits" does not exist, skipping
NOTICE:  table "_fb_wal_events" does not exist, skipping
NOTICE:  table "_fb_wal_relevant_commits" does not exist, skipping
NOTICE:  schema "pg_temp" does not exist, skipping
NOTICE:  table "_fb_wal_lock_ids" does not exist, skipping
NOTICE:  table "_fb_wal_batch" does not exist, skipping
NOTICE:  table "_fb_wal_commits" does not exist, skipping
NOTICE:  table "_fb_wal_events" does not exist, skipping
NOTICE:  table "_fb_wal_relevant_commits" does not exist, skipping
NOTICE:  schema "pg_temp" does not exist, skipping
NOTICE:  table "_fb_wal_lock_ids" does not exist, skipping
NOTICE:  table "_fb_wal_batch" does not exist, skipping
NOTICE:  table "_fb_wal_commits" does not exist, skipping
NOTICE:  table "_fb_wal_events" does not exist, skipping
NOTICE:  table "_fb_wal_relevant_commits" does not exist, skipping
NOTICE:  schema "pg_temp" does not exist, skipping
NOTICE:  table "_fb_wal_lock_ids" does not exist, skipping
NOTICE:  table "_fb_wal_batch" does not exist, skipping
NOTICE:  table "_fb_wal_commits" does not exist, skipping
NOTICE:  table "_fb_wal_events" does not exist, skipping
NOTICE:  table "_fb_wal_relevant_commits" does not exist, skipping
NOTICE:  schema "pg_temp" does not exist, skipping
NOTICE:  table "_fb_wal_lock_ids" does not exist, skipping
NOTICE:  table "_fb_wal_batch" does not exist, skipping
NOTICE:  table "_fb_wal_commits" does not exist, skipping
NOTICE:  table "_fb_wal_events" does not exist, skipping
NOTICE:  table "_fb_wal_relevant_commits" does not exist, skipping
NOTICE:  schema "pg_temp" does not exist, skipping
NOTICE:  table "_fb_wal_lock_ids" does not exist, skipping
NOTICE:  table "_fb_wal_batch" does not exist, skipping
NOTICE:  table "_fb_wal_commits" does not exist, skipping
NOTICE:  table "_fb_wal_events" does not exist, skipping
NOTICE:  table "_fb_wal_relevant_commits" does not exist, skipping
NOTICE:  schema "pg_temp" does not exist, skipping
NOTICE:  table "_fb_wal_lock_ids" does not exist, skipping
NOTICE:  table "_fb_wal_batch" does not exist, skipping
NOTICE:  table "_fb_wal_commits" does not exist, skipping
NOTICE:  table "_fb_wal_events" does not exist, skipping
NOTICE:  table "_fb_wal_relevant_commits" does not exist, skipping
NOTICE:  schema "pg_temp" does not exist, skipping
NOTICE:  table "_fb_wal_lock_ids" does not exist, skipping
NOTICE:  table "_fb_wal_batch" does not exist, skipping
NOTICE:  table "_fb_wal_commits" does not exist, skipping
NOTICE:  table "_fb_wal_events" does not exist, skipping
NOTICE:  table "_fb_wal_relevant_commits" does not exist, skipping
NOTICE:  schema "pg_temp" does not exist, skipping
NOTICE:  table "_fb_wal_lock_ids" does not exist, skipping
NOTICE:  table "_fb_wal_batch" does not exist, skipping
NOTICE:  table "_fb_wal_commits" does not exist, skipping
NOTICE:  table "_fb_wal_events" does not exist, skipping
NOTICE:  table "_fb_wal_relevant_commits" does not exist, skipping
NOTICE:  schema "pg_temp" does not exist, skipping
NOTICE:  table "_fb_wal_lock_ids" does not exist, skipping
NOTICE:  table "_fb_wal_batch" does not exist, skipping
NOTICE:  table "_fb_wal_commits" does not exist, skipping
NOTICE:  table "_fb_wal_events" does not exist, skipping
NOTICE:  table "_fb_wal_relevant_commits" does not exist, skipping
NOTICE:  schema "pg_temp" does not exist, skipping
NOTICE:  table "_fb_wal_lock_ids" does not exist, skipping
NOTICE:  table "_fb_wal_batch" does not exist, skipping
NOTICE:  table "_fb_wal_commits" does not exist, skipping
NOTICE:  table "_fb_wal_events" does not exist, skipping
NOTICE:  table "_fb_wal_relevant_commits" does not exist, skipping
NOTICE:  schema "pg_temp" does not exist, skipping
NOTICE:  table "_fb_wal_lock_ids" does not exist, skipping
NOTICE:  table "_fb_wal_batch" does not exist, skipping
NOTICE:  table "_fb_wal_commits" does not exist, skipping
NOTICE:  table "_fb_wal_events" does not exist, skipping
NOTICE:  table "_fb_wal_relevant_commits" does not exist, skipping
NOTICE:  schema "pg_temp" does not exist, skipping
NOTICE:  table "_fb_wal_lock_ids" does not exist, skipping
NOTICE:  table "_fb_wal_batch" does not exist, skipping
NOTICE:  table "_fb_wal_commits" does not exist, skipping
NOTICE:  table "_fb_wal_events" does not exist, skipping
NOTICE:  table "_fb_wal_relevant_commits" does not exist, skipping
NOTICE:  schema "pg_temp" does not exist, skipping
NOTICE:  table "_fb_wal_lock_ids" does not exist, skipping
NOTICE:  table "_fb_wal_batch" does not exist, skipping
NOTICE:  table "_fb_wal_commits" does not exist, skipping
NOTICE:  table "_fb_wal_events" does not exist, skipping
NOTICE:  table "_fb_wal_relevant_commits" does not exist, skipping
NOTICE:  schema "pg_temp" does not exist, skipping
NOTICE:  table "_fb_wal_lock_ids" does not exist, skipping
NOTICE:  table "_fb_wal_batch" does not exist, skipping
NOTICE:  table "_fb_wal_commits" does not exist, skipping
NOTICE:  table "_fb_wal_events" does not exist, skipping
NOTICE:  table "_fb_wal_relevant_commits" does not exist, skipping
NOTICE:  schema "pg_temp" does not exist, skipping
NOTICE:  table "_fb_wal_lock_ids" does not exist, skipping
NOTICE:  table "_fb_wal_batch" does not exist, skipping
NOTICE:  table "_fb_wal_commits" does not exist, skipping
NOTICE:  table "_fb_wal_events" does not exist, skipping
NOTICE:  table "_fb_wal_relevant_commits" does not exist, skipping
NOTICE:  schema "pg_temp" does not exist, skipping
NOTICE:  table "_fb_wal_lock_ids" does not exist, skipping
NOTICE:  table "_fb_wal_batch" does not exist, skipping
NOTICE:  table "_fb_wal_commits" does not exist, skipping
NOTICE:  table "_fb_wal_events" does not exist, skipping
NOTICE:  table "_fb_wal_relevant_commits" does not exist, skipping
NOTICE:  schema "pg_temp" does not exist, skipping
NOTICE:  table "_fb_wal_lock_ids" does not exist, skipping
NOTICE:  table "_fb_wal_batch" does not exist, skipping
NOTICE:  table "_fb_wal_commits" does not exist, skipping
NOTICE:  table "_fb_wal_events" does not exist, skipping
NOTICE:  table "_fb_wal_relevant_commits" does not exist, skipping
NOTICE:  schema "pg_temp" does not exist, skipping
NOTICE:  table "_fb_wal_lock_ids" does not exist, skipping
NOTICE:  table "_fb_wal_batch" does not exist, skipping
NOTICE:  table "_fb_wal_commits" does not exist, skipping
NOTICE:  table "_fb_wal_events" does not exist, skipping
NOTICE:  table "_fb_wal_relevant_commits" does not exist, skipping
NOTICE:  schema "pg_temp" does not exist, skipping
NOTICE:  table "_fb_wal_lock_ids" does not exist, skipping
NOTICE:  table "_fb_wal_batch" does not exist, skipping
NOTICE:  table "_fb_wal_commits" does not exist, skipping
NOTICE:  table "_fb_wal_events" does not exist, skipping
NOTICE:  table "_fb_wal_relevant_commits" does not exist, skipping
NOTICE:  schema "pg_temp" does not exist, skipping
NOTICE:  table "_fb_wal_lock_ids" does not exist, skipping
NOTICE:  table "_fb_wal_batch" does not exist, skipping
NOTICE:  table "_fb_wal_commits" does not exist, skipping
NOTICE:  table "_fb_wal_events" does not exist, skipping
NOTICE:  table "_fb_wal_relevant_commits" does not exist, skipping
NOTICE:  schema "pg_temp" does not exist, skipping
NOTICE:  table "_fb_wal_lock_ids" does not exist, skipping
NOTICE:  table "_fb_wal_batch" does not exist, skipping
NOTICE:  table "_fb_wal_commits" does not exist, skipping
NOTICE:  table "_fb_wal_events" does not exist, skipping
NOTICE:  table "_fb_wal_relevant_commits" does not exist, skipping
NOTICE:  schema "pg_temp" does not exist, skipping
NOTICE:  table "_fb_wal_lock_ids" does not exist, skipping
NOTICE:  table "_fb_wal_batch" does not exist, skipping
NOTICE:  table "_fb_wal_commits" does not exist, skipping
NOTICE:  table "_fb_wal_events" does not exist, skipping
NOTICE:  table "_fb_wal_relevant_commits" does not exist, skipping
NOTICE:  schema "pg_temp" does not exist, skipping
NOTICE:  table "_fb_wal_lock_ids" does not exist, skipping
NOTICE:  table "_fb_wal_batch" does not exist, skipping
NOTICE:  table "_fb_wal_commits" does not exist, skipping
NOTICE:  table "_fb_wal_events" does not exist, skipping
NOTICE:  table "_fb_wal_relevant_commits" does not exist, skipping
NOTICE:  schema "pg_temp" does not exist, skipping
NOTICE:  table "_fb_wal_lock_ids" does not exist, skipping
NOTICE:  table "_fb_wal_batch" does not exist, skipping
NOTICE:  table "_fb_wal_commits" does not exist, skipping
NOTICE:  table "_fb_wal_events" does not exist, skipping
NOTICE:  table "_fb_wal_relevant_commits" does not exist, skipping
NOTICE:  schema "pg_temp" does not exist, skipping
NOTICE:  table "_fb_wal_lock_ids" does not exist, skipping
NOTICE:  table "_fb_wal_batch" does not exist, skipping
NOTICE:  table "_fb_wal_commits" does not exist, skipping
NOTICE:  table "_fb_wal_events" does not exist, skipping
NOTICE:  table "_fb_wal_relevant_commits" does not exist, skipping
NOTICE:  schema "pg_temp" does not exist, skipping
NOTICE:  table "_fb_wal_lock_ids" does not exist, skipping
NOTICE:  table "_fb_wal_batch" does not exist, skipping
NOTICE:  table "_fb_wal_commits" does not exist, skipping
NOTICE:  table "_fb_wal_events" does not exist, skipping
NOTICE:  table "_fb_wal_relevant_commits" does not exist, skipping
NOTICE:  schema "pg_temp" does not exist, skipping
NOTICE:  table "_fb_wal_lock_ids" does not exist, skipping
NOTICE:  table "_fb_wal_batch" does not exist, skipping
NOTICE:  table "_fb_wal_commits" does not exist, skipping
NOTICE:  table "_fb_wal_events" does not exist, skipping
NOTICE:  table "_fb_wal_relevant_commits" does not exist, skipping
NOTICE:  schema "pg_temp" does not exist, skipping
NOTICE:  table "_fb_wal_lock_ids" does not exist, skipping
NOTICE:  table "_fb_wal_batch" does not exist, skipping
NOTICE:  table "_fb_wal_commits" does not exist, skipping
NOTICE:  table "_fb_wal_events" does not exist, skipping
NOTICE:  table "_fb_wal_relevant_commits" does not exist, skipping
[exact-candidate-drop] 03:35:54 repeated DROP progress 90/100
NOTICE:  schema "pg_temp" does not exist, skipping
NOTICE:  table "_fb_wal_lock_ids" does not exist, skipping
NOTICE:  table "_fb_wal_batch" does not exist, skipping
NOTICE:  table "_fb_wal_commits" does not exist, skipping
NOTICE:  table "_fb_wal_events" does not exist, skipping
NOTICE:  table "_fb_wal_relevant_commits" does not exist, skipping
NOTICE:  schema "pg_temp" does not exist, skipping
NOTICE:  table "_fb_wal_lock_ids" does not exist, skipping
NOTICE:  table "_fb_wal_batch" does not exist, skipping
NOTICE:  table "_fb_wal_commits" does not exist, skipping
NOTICE:  table "_fb_wal_events" does not exist, skipping
NOTICE:  table "_fb_wal_relevant_commits" does not exist, skipping
NOTICE:  schema "pg_temp" does not exist, skipping
NOTICE:  table "_fb_wal_lock_ids" does not exist, skipping
NOTICE:  table "_fb_wal_batch" does not exist, skipping
NOTICE:  table "_fb_wal_commits" does not exist, skipping
NOTICE:  table "_fb_wal_events" does not exist, skipping
NOTICE:  table "_fb_wal_relevant_commits" does not exist, skipping
NOTICE:  schema "pg_temp" does not exist, skipping
NOTICE:  table "_fb_wal_lock_ids" does not exist, skipping
NOTICE:  table "_fb_wal_batch" does not exist, skipping
NOTICE:  table "_fb_wal_commits" does not exist, skipping
NOTICE:  table "_fb_wal_events" does not exist, skipping
NOTICE:  table "_fb_wal_relevant_commits" does not exist, skipping
NOTICE:  schema "pg_temp" does not exist, skipping
NOTICE:  table "_fb_wal_lock_ids" does not exist, skipping
NOTICE:  table "_fb_wal_batch" does not exist, skipping
NOTICE:  table "_fb_wal_commits" does not exist, skipping
NOTICE:  table "_fb_wal_events" does not exist, skipping
NOTICE:  table "_fb_wal_relevant_commits" does not exist, skipping
NOTICE:  schema "pg_temp" does not exist, skipping
NOTICE:  table "_fb_wal_lock_ids" does not exist, skipping
NOTICE:  table "_fb_wal_batch" does not exist, skipping
NOTICE:  table "_fb_wal_commits" does not exist, skipping
NOTICE:  table "_fb_wal_events" does not exist, skipping
NOTICE:  table "_fb_wal_relevant_commits" does not exist, skipping
NOTICE:  schema "pg_temp" does not exist, skipping
NOTICE:  table "_fb_wal_lock_ids" does not exist, skipping
NOTICE:  table "_fb_wal_batch" does not exist, skipping
NOTICE:  table "_fb_wal_commits" does not exist, skipping
NOTICE:  table "_fb_wal_events" does not exist, skipping
NOTICE:  table "_fb_wal_relevant_commits" does not exist, skipping
NOTICE:  schema "pg_temp" does not exist, skipping
NOTICE:  table "_fb_wal_lock_ids" does not exist, skipping
NOTICE:  table "_fb_wal_batch" does not exist, skipping
NOTICE:  table "_fb_wal_commits" does not exist, skipping
NOTICE:  table "_fb_wal_events" does not exist, skipping
NOTICE:  table "_fb_wal_relevant_commits" does not exist, skipping
NOTICE:  schema "pg_temp" does not exist, skipping
NOTICE:  table "_fb_wal_lock_ids" does not exist, skipping
NOTICE:  table "_fb_wal_batch" does not exist, skipping
NOTICE:  table "_fb_wal_commits" does not exist, skipping
NOTICE:  table "_fb_wal_events" does not exist, skipping
NOTICE:  table "_fb_wal_relevant_commits" does not exist, skipping
NOTICE:  schema "pg_temp" does not exist, skipping
NOTICE:  table "_fb_wal_lock_ids" does not exist, skipping
NOTICE:  table "_fb_wal_batch" does not exist, skipping
NOTICE:  table "_fb_wal_commits" does not exist, skipping
NOTICE:  table "_fb_wal_events" does not exist, skipping
NOTICE:  table "_fb_wal_relevant_commits" does not exist, skipping
NOTICE:  schema "pg_temp" does not exist, skipping
NOTICE:  table "_fb_wal_lock_ids" does not exist, skipping
NOTICE:  table "_fb_wal_batch" does not exist, skipping
NOTICE:  table "_fb_wal_commits" does not exist, skipping
NOTICE:  table "_fb_wal_events" does not exist, skipping
NOTICE:  table "_fb_wal_relevant_commits" does not exist, skipping
NOTICE:  schema "pg_temp" does not exist, skipping
NOTICE:  table "_fb_wal_lock_ids" does not exist, skipping
NOTICE:  table "_fb_wal_batch" does not exist, skipping
NOTICE:  table "_fb_wal_commits" does not exist, skipping
NOTICE:  table "_fb_wal_events" does not exist, skipping
NOTICE:  table "_fb_wal_relevant_commits" does not exist, skipping
NOTICE:  schema "pg_temp" does not exist, skipping
NOTICE:  table "_fb_wal_lock_ids" does not exist, skipping
NOTICE:  table "_fb_wal_batch" does not exist, skipping
NOTICE:  table "_fb_wal_commits" does not exist, skipping
NOTICE:  table "_fb_wal_events" does not exist, skipping
NOTICE:  table "_fb_wal_relevant_commits" does not exist, skipping
NOTICE:  schema "pg_temp" does not exist, skipping
NOTICE:  table "_fb_wal_lock_ids" does not exist, skipping
NOTICE:  table "_fb_wal_batch" does not exist, skipping
NOTICE:  table "_fb_wal_commits" does not exist, skipping
NOTICE:  table "_fb_wal_events" does not exist, skipping
NOTICE:  table "_fb_wal_relevant_commits" does not exist, skipping
NOTICE:  schema "pg_temp" does not exist, skipping
NOTICE:  table "_fb_wal_lock_ids" does not exist, skipping
NOTICE:  table "_fb_wal_batch" does not exist, skipping
NOTICE:  table "_fb_wal_commits" does not exist, skipping
NOTICE:  table "_fb_wal_events" does not exist, skipping
NOTICE:  table "_fb_wal_relevant_commits" does not exist, skipping
NOTICE:  schema "pg_temp" does not exist, skipping
NOTICE:  table "_fb_wal_lock_ids" does not exist, skipping
NOTICE:  table "_fb_wal_batch" does not exist, skipping
NOTICE:  table "_fb_wal_commits" does not exist, skipping
NOTICE:  table "_fb_wal_events" does not exist, skipping
NOTICE:  table "_fb_wal_relevant_commits" does not exist, skipping
NOTICE:  schema "pg_temp" does not exist, skipping
NOTICE:  table "_fb_wal_lock_ids" does not exist, skipping
NOTICE:  table "_fb_wal_batch" does not exist, skipping
NOTICE:  table "_fb_wal_commits" does not exist, skipping
NOTICE:  table "_fb_wal_events" does not exist, skipping
NOTICE:  table "_fb_wal_relevant_commits" does not exist, skipping
NOTICE:  schema "pg_temp" does not exist, skipping
NOTICE:  table "_fb_wal_lock_ids" does not exist, skipping
NOTICE:  table "_fb_wal_batch" does not exist, skipping
NOTICE:  table "_fb_wal_commits" does not exist, skipping
NOTICE:  table "_fb_wal_events" does not exist, skipping
NOTICE:  table "_fb_wal_relevant_commits" does not exist, skipping
NOTICE:  schema "pg_temp" does not exist, skipping
NOTICE:  table "_fb_wal_lock_ids" does not exist, skipping
NOTICE:  table "_fb_wal_batch" does not exist, skipping
NOTICE:  table "_fb_wal_commits" does not exist, skipping
NOTICE:  table "_fb_wal_events" does not exist, skipping
NOTICE:  table "_fb_wal_relevant_commits" does not exist, skipping
NOTICE:  schema "pg_temp" does not exist, skipping
NOTICE:  table "_fb_wal_lock_ids" does not exist, skipping
NOTICE:  table "_fb_wal_batch" does not exist, skipping
NOTICE:  table "_fb_wal_commits" does not exist, skipping
NOTICE:  table "_fb_wal_events" does not exist, skipping
NOTICE:  table "_fb_wal_relevant_commits" does not exist, skipping
NOTICE:  schema "pg_temp" does not exist, skipping
NOTICE:  table "_fb_wal_lock_ids" does not exist, skipping
NOTICE:  table "_fb_wal_batch" does not exist, skipping
NOTICE:  table "_fb_wal_commits" does not exist, skipping
NOTICE:  table "_fb_wal_events" does not exist, skipping
NOTICE:  table "_fb_wal_relevant_commits" does not exist, skipping
NOTICE:  schema "pg_temp" does not exist, skipping
NOTICE:  table "_fb_wal_lock_ids" does not exist, skipping
NOTICE:  table "_fb_wal_batch" does not exist, skipping
NOTICE:  table "_fb_wal_commits" does not exist, skipping
NOTICE:  table "_fb_wal_events" does not exist, skipping
NOTICE:  table "_fb_wal_relevant_commits" does not exist, skipping
NOTICE:  schema "pg_temp" does not exist, skipping
NOTICE:  table "_fb_wal_lock_ids" does not exist, skipping
NOTICE:  table "_fb_wal_batch" does not exist, skipping
NOTICE:  table "_fb_wal_commits" does not exist, skipping
NOTICE:  table "_fb_wal_events" does not exist, skipping
NOTICE:  table "_fb_wal_relevant_commits" does not exist, skipping
NOTICE:  schema "pg_temp" does not exist, skipping
NOTICE:  table "_fb_wal_lock_ids" does not exist, skipping
NOTICE:  table "_fb_wal_batch" does not exist, skipping
NOTICE:  table "_fb_wal_commits" does not exist, skipping
NOTICE:  table "_fb_wal_events" does not exist, skipping
NOTICE:  table "_fb_wal_relevant_commits" does not exist, skipping
NOTICE:  schema "pg_temp" does not exist, skipping
NOTICE:  table "_fb_wal_lock_ids" does not exist, skipping
NOTICE:  table "_fb_wal_batch" does not exist, skipping
NOTICE:  table "_fb_wal_commits" does not exist, skipping
NOTICE:  table "_fb_wal_events" does not exist, skipping
NOTICE:  table "_fb_wal_relevant_commits" does not exist, skipping
NOTICE:  schema "pg_temp" does not exist, skipping
NOTICE:  table "_fb_wal_lock_ids" does not exist, skipping
NOTICE:  table "_fb_wal_batch" does not exist, skipping
NOTICE:  table "_fb_wal_commits" does not exist, skipping
NOTICE:  table "_fb_wal_events" does not exist, skipping
NOTICE:  table "_fb_wal_relevant_commits" does not exist, skipping
NOTICE:  schema "pg_temp" does not exist, skipping
NOTICE:  table "_fb_wal_lock_ids" does not exist, skipping
NOTICE:  table "_fb_wal_batch" does not exist, skipping
NOTICE:  table "_fb_wal_commits" does not exist, skipping
NOTICE:  table "_fb_wal_events" does not exist, skipping
NOTICE:  table "_fb_wal_relevant_commits" does not exist, skipping
NOTICE:  schema "pg_temp" does not exist, skipping
NOTICE:  table "_fb_wal_lock_ids" does not exist, skipping
NOTICE:  table "_fb_wal_batch" does not exist, skipping
NOTICE:  table "_fb_wal_commits" does not exist, skipping
NOTICE:  table "_fb_wal_events" does not exist, skipping
NOTICE:  table "_fb_wal_relevant_commits" does not exist, skipping
[exact-candidate-drop] 03:36:00 repeated DROP progress 100/100
NOTICE:  schema "pg_temp" does not exist, skipping
NOTICE:  table "_fb_wal_lock_ids" does not exist, skipping
NOTICE:  table "_fb_wal_batch" does not exist, skipping
NOTICE:  table "_fb_wal_commits" does not exist, skipping
NOTICE:  table "_fb_wal_events" does not exist, skipping
NOTICE:  table "_fb_wal_relevant_commits" does not exist, skipping
[exact-candidate-drop] 03:36:01 building medium local DROP relation: 50000 rows
NOTICE:  schema "pg_temp" does not exist, skipping
NOTICE:  table "_fb_wal_lock_ids" does not exist, skipping
NOTICE:  table "_fb_wal_batch" does not exist, skipping
NOTICE:  table "_fb_wal_commits" does not exist, skipping
NOTICE:  table "_fb_wal_events" does not exist, skipping
NOTICE:  table "_fb_wal_relevant_commits" does not exist, skipping
NOTICE:  schema "pg_temp" does not exist, skipping
NOTICE:  table "_fb_wal_lock_ids" does not exist, skipping
NOTICE:  table "_fb_wal_batch" does not exist, skipping
NOTICE:  table "_fb_wal_commits" does not exist, skipping
NOTICE:  table "_fb_wal_events" does not exist, skipping
NOTICE:  table "_fb_wal_relevant_commits" does not exist, skipping
NOTICE:  schema "pg_temp" does not exist, skipping
NOTICE:  table "_fb_wal_lock_ids" does not exist, skipping
NOTICE:  table "_fb_wal_batch" does not exist, skipping
NOTICE:  table "_fb_wal_commits" does not exist, skipping
NOTICE:  table "_fb_wal_events" does not exist, skipping
NOTICE:  table "_fb_wal_relevant_commits" does not exist, skipping
NOTICE:  schema "pg_temp" does not exist, skipping
NOTICE:  table "_fb_wal_lock_ids" does not exist, skipping
NOTICE:  table "_fb_wal_batch" does not exist, skipping
NOTICE:  table "_fb_wal_commits" does not exist, skipping
NOTICE:  table "_fb_wal_events" does not exist, skipping
NOTICE:  table "_fb_wal_relevant_commits" does not exist, skipping
NOTICE:  schema "pg_temp" does not exist, skipping
NOTICE:  table "_fb_wal_lock_ids" does not exist, skipping
NOTICE:  table "_fb_wal_batch" does not exist, skipping
NOTICE:  table "_fb_wal_commits" does not exist, skipping
NOTICE:  table "_fb_wal_events" does not exist, skipping
NOTICE:  table "_fb_wal_relevant_commits" does not exist, skipping
NOTICE:  schema "pg_temp" does not exist, skipping
NOTICE:  table "_fb_wal_lock_ids" does not exist, skipping
NOTICE:  table "_fb_wal_batch" does not exist, skipping
NOTICE:  table "_fb_wal_commits" does not exist, skipping
NOTICE:  table "_fb_wal_events" does not exist, skipping
NOTICE:  table "_fb_wal_relevant_commits" does not exist, skipping
NOTICE:  schema "pg_temp" does not exist, skipping
NOTICE:  table "_fb_wal_lock_ids" does not exist, skipping
NOTICE:  table "_fb_wal_batch" does not exist, skipping
NOTICE:  table "_fb_wal_commits" does not exist, skipping
NOTICE:  table "_fb_wal_events" does not exist, skipping
NOTICE:  table "_fb_wal_relevant_commits" does not exist, skipping
NOTICE:  schema "pg_temp" does not exist, skipping
NOTICE:  table "_fb_wal_lock_ids" does not exist, skipping
NOTICE:  table "_fb_wal_batch" does not exist, skipping
NOTICE:  table "_fb_wal_commits" does not exist, skipping
NOTICE:  table "_fb_wal_events" does not exist, skipping
NOTICE:  table "_fb_wal_relevant_commits" does not exist, skipping
NOTICE:  schema "pg_temp" does not exist, skipping
NOTICE:  table "_fb_wal_lock_ids" does not exist, skipping
NOTICE:  table "_fb_wal_batch" does not exist, skipping
NOTICE:  table "_fb_wal_commits" does not exist, skipping
NOTICE:  table "_fb_wal_events" does not exist, skipping
NOTICE:  table "_fb_wal_relevant_commits" does not exist, skipping
NOTICE:  schema "pg_temp" does not exist, skipping
NOTICE:  table "_fb_wal_lock_ids" does not exist, skipping
NOTICE:  table "_fb_wal_batch" does not exist, skipping
NOTICE:  table "_fb_wal_commits" does not exist, skipping
NOTICE:  table "_fb_wal_events" does not exist, skipping
NOTICE:  table "_fb_wal_relevant_commits" does not exist, skipping
NOTICE:  schema "pg_temp" does not exist, skipping
NOTICE:  table "_fb_wal_lock_ids" does not exist, skipping
NOTICE:  table "_fb_wal_batch" does not exist, skipping
NOTICE:  table "_fb_wal_commits" does not exist, skipping
NOTICE:  table "_fb_wal_events" does not exist, skipping
NOTICE:  table "_fb_wal_relevant_commits" does not exist, skipping
NOTICE:  schema "pg_temp" does not exist, skipping
NOTICE:  table "_fb_wal_lock_ids" does not exist, skipping
NOTICE:  table "_fb_wal_batch" does not exist, skipping
NOTICE:  table "_fb_wal_commits" does not exist, skipping
NOTICE:  table "_fb_wal_events" does not exist, skipping
NOTICE:  table "_fb_wal_relevant_commits" does not exist, skipping
NOTICE:  schema "pg_temp" does not exist, skipping
NOTICE:  table "_fb_wal_lock_ids" does not exist, skipping
NOTICE:  table "_fb_wal_batch" does not exist, skipping
NOTICE:  table "_fb_wal_commits" does not exist, skipping
NOTICE:  table "_fb_wal_events" does not exist, skipping
NOTICE:  table "_fb_wal_relevant_commits" does not exist, skipping
NOTICE:  schema "pg_temp" does not exist, skipping
NOTICE:  table "_fb_wal_lock_ids" does not exist, skipping
NOTICE:  table "_fb_wal_batch" does not exist, skipping
NOTICE:  table "_fb_wal_commits" does not exist, skipping
NOTICE:  table "_fb_wal_events" does not exist, skipping
NOTICE:  table "_fb_wal_relevant_commits" does not exist, skipping
NOTICE:  schema "pg_temp" does not exist, skipping
NOTICE:  table "_fb_wal_lock_ids" does not exist, skipping
NOTICE:  table "_fb_wal_batch" does not exist, skipping
NOTICE:  table "_fb_wal_commits" does not exist, skipping
NOTICE:  table "_fb_wal_events" does not exist, skipping
NOTICE:  table "_fb_wal_relevant_commits" does not exist, skipping
NOTICE:  schema "pg_temp" does not exist, skipping
NOTICE:  table "_fb_wal_lock_ids" does not exist, skipping
NOTICE:  table "_fb_wal_batch" does not exist, skipping
NOTICE:  table "_fb_wal_commits" does not exist, skipping
NOTICE:  table "_fb_wal_events" does not exist, skipping
NOTICE:  table "_fb_wal_relevant_commits" does not exist, skipping
NOTICE:  schema "pg_temp" does not exist, skipping
NOTICE:  table "_fb_wal_lock_ids" does not exist, skipping
NOTICE:  table "_fb_wal_batch" does not exist, skipping
NOTICE:  table "_fb_wal_commits" does not exist, skipping
NOTICE:  table "_fb_wal_events" does not exist, skipping
NOTICE:  table "_fb_wal_relevant_commits" does not exist, skipping
NOTICE:  schema "pg_temp" does not exist, skipping
NOTICE:  table "_fb_wal_lock_ids" does not exist, skipping
NOTICE:  table "_fb_wal_batch" does not exist, skipping
NOTICE:  table "_fb_wal_commits" does not exist, skipping
NOTICE:  table "_fb_wal_events" does not exist, skipping
NOTICE:  table "_fb_wal_relevant_commits" does not exist, skipping
NOTICE:  schema "pg_temp" does not exist, skipping
NOTICE:  table "_fb_wal_lock_ids" does not exist, skipping
NOTICE:  table "_fb_wal_batch" does not exist, skipping
NOTICE:  table "_fb_wal_commits" does not exist, skipping
NOTICE:  table "_fb_wal_events" does not exist, skipping
NOTICE:  table "_fb_wal_relevant_commits" does not exist, skipping
NOTICE:  schema "pg_temp" does not exist, skipping
NOTICE:  table "_fb_wal_lock_ids" does not exist, skipping
NOTICE:  table "_fb_wal_batch" does not exist, skipping
NOTICE:  table "_fb_wal_commits" does not exist, skipping
NOTICE:  table "_fb_wal_events" does not exist, skipping
NOTICE:  table "_fb_wal_relevant_commits" does not exist, skipping
NOTICE:  schema "pg_temp" does not exist, skipping
NOTICE:  table "_fb_wal_lock_ids" does not exist, skipping
NOTICE:  table "_fb_wal_batch" does not exist, skipping
NOTICE:  table "_fb_wal_commits" does not exist, skipping
NOTICE:  table "_fb_wal_events" does not exist, skipping
NOTICE:  table "_fb_wal_relevant_commits" does not exist, skipping
NOTICE:  schema "pg_temp" does not exist, skipping
NOTICE:  table "_fb_wal_lock_ids" does not exist, skipping
NOTICE:  table "_fb_wal_batch" does not exist, skipping
NOTICE:  table "_fb_wal_commits" does not exist, skipping
NOTICE:  table "_fb_wal_events" does not exist, skipping
NOTICE:  table "_fb_wal_relevant_commits" does not exist, skipping
NOTICE:  schema "pg_temp" does not exist, skipping
NOTICE:  table "_fb_wal_lock_ids" does not exist, skipping
NOTICE:  table "_fb_wal_batch" does not exist, skipping
NOTICE:  table "_fb_wal_commits" does not exist, skipping
NOTICE:  table "_fb_wal_events" does not exist, skipping
NOTICE:  table "_fb_wal_relevant_commits" does not exist, skipping
NOTICE:  schema "pg_temp" does not exist, skipping
NOTICE:  table "_fb_wal_lock_ids" does not exist, skipping
NOTICE:  table "_fb_wal_batch" does not exist, skipping
NOTICE:  table "_fb_wal_commits" does not exist, skipping
NOTICE:  table "_fb_wal_events" does not exist, skipping
NOTICE:  table "_fb_wal_relevant_commits" does not exist, skipping
NOTICE:  schema "pg_temp" does not exist, skipping
NOTICE:  table "_fb_wal_lock_ids" does not exist, skipping
NOTICE:  table "_fb_wal_batch" does not exist, skipping
NOTICE:  table "_fb_wal_commits" does not exist, skipping
NOTICE:  table "_fb_wal_events" does not exist, skipping
NOTICE:  table "_fb_wal_relevant_commits" does not exist, skipping
NOTICE:  schema "pg_temp" does not exist, skipping
NOTICE:  table "_fb_wal_lock_ids" does not exist, skipping
NOTICE:  table "_fb_wal_batch" does not exist, skipping
NOTICE:  table "_fb_wal_commits" does not exist, skipping
NOTICE:  table "_fb_wal_events" does not exist, skipping
NOTICE:  table "_fb_wal_relevant_commits" does not exist, skipping
NOTICE:  schema "pg_temp" does not exist, skipping
NOTICE:  table "_fb_wal_lock_ids" does not exist, skipping
NOTICE:  table "_fb_wal_batch" does not exist, skipping
NOTICE:  table "_fb_wal_commits" does not exist, skipping
NOTICE:  table "_fb_wal_events" does not exist, skipping
NOTICE:  table "_fb_wal_relevant_commits" does not exist, skipping
NOTICE:  schema "pg_temp" does not exist, skipping
NOTICE:  table "_fb_wal_lock_ids" does not exist, skipping
NOTICE:  table "_fb_wal_batch" does not exist, skipping
NOTICE:  table "_fb_wal_commits" does not exist, skipping
NOTICE:  table "_fb_wal_events" does not exist, skipping
NOTICE:  table "_fb_wal_relevant_commits" does not exist, skipping
NOTICE:  schema "pg_temp" does not exist, skipping
NOTICE:  table "_fb_wal_lock_ids" does not exist, skipping
NOTICE:  table "_fb_wal_batch" does not exist, skipping
NOTICE:  table "_fb_wal_commits" does not exist, skipping
NOTICE:  table "_fb_wal_events" does not exist, skipping
NOTICE:  table "_fb_wal_relevant_commits" does not exist, skipping
NOTICE:  schema "pg_temp" does not exist, skipping
NOTICE:  table "_fb_wal_lock_ids" does not exist, skipping
NOTICE:  table "_fb_wal_batch" does not exist, skipping
NOTICE:  table "_fb_wal_commits" does not exist, skipping
NOTICE:  table "_fb_wal_events" does not exist, skipping
NOTICE:  table "_fb_wal_relevant_commits" does not exist, skipping
NOTICE:  schema "pg_temp" does not exist, skipping
NOTICE:  table "_fb_wal_lock_ids" does not exist, skipping
NOTICE:  table "_fb_wal_batch" does not exist, skipping
NOTICE:  table "_fb_wal_commits" does not exist, skipping
NOTICE:  table "_fb_wal_events" does not exist, skipping
NOTICE:  table "_fb_wal_relevant_commits" does not exist, skipping
NOTICE:  schema "pg_temp" does not exist, skipping
NOTICE:  table "_fb_wal_lock_ids" does not exist, skipping
NOTICE:  table "_fb_wal_batch" does not exist, skipping
NOTICE:  table "_fb_wal_commits" does not exist, skipping
NOTICE:  table "_fb_wal_events" does not exist, skipping
NOTICE:  table "_fb_wal_relevant_commits" does not exist, skipping
NOTICE:  schema "pg_temp" does not exist, skipping
NOTICE:  table "_fb_wal_lock_ids" does not exist, skipping
NOTICE:  table "_fb_wal_batch" does not exist, skipping
NOTICE:  table "_fb_wal_commits" does not exist, skipping
NOTICE:  table "_fb_wal_events" does not exist, skipping
NOTICE:  table "_fb_wal_relevant_commits" does not exist, skipping
NOTICE:  schema "pg_temp" does not exist, skipping
NOTICE:  table "_fb_wal_lock_ids" does not exist, skipping
NOTICE:  table "_fb_wal_batch" does not exist, skipping
NOTICE:  table "_fb_wal_commits" does not exist, skipping
NOTICE:  table "_fb_wal_events" does not exist, skipping
NOTICE:  table "_fb_wal_relevant_commits" does not exist, skipping
NOTICE:  schema "pg_temp" does not exist, skipping
NOTICE:  table "_fb_wal_lock_ids" does not exist, skipping
NOTICE:  table "_fb_wal_batch" does not exist, skipping
NOTICE:  table "_fb_wal_commits" does not exist, skipping
NOTICE:  table "_fb_wal_events" does not exist, skipping
NOTICE:  table "_fb_wal_relevant_commits" does not exist, skipping
NOTICE:  schema "pg_temp" does not exist, skipping
NOTICE:  table "_fb_wal_lock_ids" does not exist, skipping
NOTICE:  table "_fb_wal_batch" does not exist, skipping
NOTICE:  table "_fb_wal_commits" does not exist, skipping
NOTICE:  table "_fb_wal_events" does not exist, skipping
NOTICE:  table "_fb_wal_relevant_commits" does not exist, skipping
NOTICE:  schema "pg_temp" does not exist, skipping
NOTICE:  table "_fb_wal_lock_ids" does not exist, skipping
NOTICE:  table "_fb_wal_batch" does not exist, skipping
NOTICE:  table "_fb_wal_commits" does not exist, skipping
NOTICE:  table "_fb_wal_events" does not exist, skipping
NOTICE:  table "_fb_wal_relevant_commits" does not exist, skipping
NOTICE:  schema "pg_temp" does not exist, skipping
NOTICE:  table "_fb_wal_lock_ids" does not exist, skipping
NOTICE:  table "_fb_wal_batch" does not exist, skipping
NOTICE:  table "_fb_wal_commits" does not exist, skipping
NOTICE:  table "_fb_wal_events" does not exist, skipping
NOTICE:  table "_fb_wal_relevant_commits" does not exist, skipping
NOTICE:  schema "pg_temp" does not exist, skipping
NOTICE:  table "_fb_wal_lock_ids" does not exist, skipping
NOTICE:  table "_fb_wal_batch" does not exist, skipping
NOTICE:  table "_fb_wal_commits" does not exist, skipping
NOTICE:  table "_fb_wal_events" does not exist, skipping
NOTICE:  table "_fb_wal_relevant_commits" does not exist, skipping
NOTICE:  schema "pg_temp" does not exist, skipping
NOTICE:  table "_fb_wal_lock_ids" does not exist, skipping
NOTICE:  table "_fb_wal_batch" does not exist, skipping
NOTICE:  table "_fb_wal_commits" does not exist, skipping
NOTICE:  table "_fb_wal_events" does not exist, skipping
NOTICE:  table "_fb_wal_relevant_commits" does not exist, skipping
NOTICE:  schema "pg_temp" does not exist, skipping
NOTICE:  table "_fb_wal_lock_ids" does not exist, skipping
NOTICE:  table "_fb_wal_batch" does not exist, skipping
NOTICE:  table "_fb_wal_commits" does not exist, skipping
NOTICE:  table "_fb_wal_events" does not exist, skipping
NOTICE:  table "_fb_wal_relevant_commits" does not exist, skipping
NOTICE:  schema "pg_temp" does not exist, skipping
NOTICE:  table "_fb_wal_lock_ids" does not exist, skipping
NOTICE:  table "_fb_wal_batch" does not exist, skipping
NOTICE:  table "_fb_wal_commits" does not exist, skipping
NOTICE:  table "_fb_wal_events" does not exist, skipping
NOTICE:  table "_fb_wal_relevant_commits" does not exist, skipping
NOTICE:  schema "pg_temp" does not exist, skipping
NOTICE:  table "_fb_wal_lock_ids" does not exist, skipping
NOTICE:  table "_fb_wal_batch" does not exist, skipping
NOTICE:  table "_fb_wal_commits" does not exist, skipping
NOTICE:  table "_fb_wal_events" does not exist, skipping
NOTICE:  table "_fb_wal_relevant_commits" does not exist, skipping
NOTICE:  schema "pg_temp" does not exist, skipping
NOTICE:  table "_fb_wal_lock_ids" does not exist, skipping
NOTICE:  table "_fb_wal_batch" does not exist, skipping
NOTICE:  table "_fb_wal_commits" does not exist, skipping
NOTICE:  table "_fb_wal_events" does not exist, skipping
NOTICE:  table "_fb_wal_relevant_commits" does not exist, skipping
NOTICE:  schema "pg_temp" does not exist, skipping
NOTICE:  table "_fb_wal_lock_ids" does not exist, skipping
NOTICE:  table "_fb_wal_batch" does not exist, skipping
NOTICE:  table "_fb_wal_commits" does not exist, skipping
NOTICE:  table "_fb_wal_events" does not exist, skipping
NOTICE:  table "_fb_wal_relevant_commits" does not exist, skipping
NOTICE:  schema "pg_temp" does not exist, skipping
NOTICE:  table "_fb_wal_lock_ids" does not exist, skipping
NOTICE:  table "_fb_wal_batch" does not exist, skipping
NOTICE:  table "_fb_wal_commits" does not exist, skipping
NOTICE:  table "_fb_wal_events" does not exist, skipping
NOTICE:  table "_fb_wal_relevant_commits" does not exist, skipping
NOTICE:  schema "pg_temp" does not exist, skipping
NOTICE:  table "_fb_wal_lock_ids" does not exist, skipping
NOTICE:  table "_fb_wal_batch" does not exist, skipping
NOTICE:  table "_fb_wal_commits" does not exist, skipping
NOTICE:  table "_fb_wal_events" does not exist, skipping
NOTICE:  table "_fb_wal_relevant_commits" does not exist, skipping
NOTICE:  schema "pg_temp" does not exist, skipping
NOTICE:  table "_fb_wal_lock_ids" does not exist, skipping
NOTICE:  table "_fb_wal_batch" does not exist, skipping
NOTICE:  table "_fb_wal_commits" does not exist, skipping
NOTICE:  table "_fb_wal_events" does not exist, skipping
NOTICE:  table "_fb_wal_relevant_commits" does not exist, skipping
NOTICE:  schema "pg_temp" does not exist, skipping
NOTICE:  table "_fb_wal_lock_ids" does not exist, skipping
NOTICE:  table "_fb_wal_batch" does not exist, skipping
NOTICE:  table "_fb_wal_commits" does not exist, skipping
NOTICE:  table "_fb_wal_events" does not exist, skipping
NOTICE:  table "_fb_wal_relevant_commits" does not exist, skipping
NOTICE:  schema "pg_temp" does not exist, skipping
NOTICE:  table "_fb_wal_lock_ids" does not exist, skipping
NOTICE:  table "_fb_wal_batch" does not exist, skipping
NOTICE:  table "_fb_wal_commits" does not exist, skipping
NOTICE:  table "_fb_wal_events" does not exist, skipping
NOTICE:  table "_fb_wal_relevant_commits" does not exist, skipping
NOTICE:  schema "pg_temp" does not exist, skipping
NOTICE:  table "_fb_wal_lock_ids" does not exist, skipping
NOTICE:  table "_fb_wal_batch" does not exist, skipping
NOTICE:  table "_fb_wal_commits" does not exist, skipping
NOTICE:  table "_fb_wal_events" does not exist, skipping
NOTICE:  table "_fb_wal_relevant_commits" does not exist, skipping
NOTICE:  schema "pg_temp" does not exist, skipping
NOTICE:  table "_fb_wal_lock_ids" does not exist, skipping
NOTICE:  table "_fb_wal_batch" does not exist, skipping
NOTICE:  table "_fb_wal_commits" does not exist, skipping
NOTICE:  table "_fb_wal_events" does not exist, skipping
NOTICE:  table "_fb_wal_relevant_commits" does not exist, skipping
NOTICE:  schema "pg_temp" does not exist, skipping
NOTICE:  table "_fb_wal_lock_ids" does not exist, skipping
NOTICE:  table "_fb_wal_batch" does not exist, skipping
NOTICE:  table "_fb_wal_commits" does not exist, skipping
NOTICE:  table "_fb_wal_events" does not exist, skipping
NOTICE:  table "_fb_wal_relevant_commits" does not exist, skipping
NOTICE:  schema "pg_temp" does not exist, skipping
NOTICE:  table "_fb_wal_lock_ids" does not exist, skipping
NOTICE:  table "_fb_wal_batch" does not exist, skipping
NOTICE:  table "_fb_wal_commits" does not exist, skipping
NOTICE:  table "_fb_wal_events" does not exist, skipping
NOTICE:  table "_fb_wal_relevant_commits" does not exist, skipping
NOTICE:  schema "pg_temp" does not exist, skipping
NOTICE:  table "_fb_wal_lock_ids" does not exist, skipping
NOTICE:  table "_fb_wal_batch" does not exist, skipping
NOTICE:  table "_fb_wal_commits" does not exist, skipping
NOTICE:  table "_fb_wal_events" does not exist, skipping
NOTICE:  table "_fb_wal_relevant_commits" does not exist, skipping
NOTICE:  schema "pg_temp" does not exist, skipping
NOTICE:  table "_fb_wal_lock_ids" does not exist, skipping
NOTICE:  table "_fb_wal_batch" does not exist, skipping
NOTICE:  table "_fb_wal_commits" does not exist, skipping
NOTICE:  table "_fb_wal_events" does not exist, skipping
NOTICE:  table "_fb_wal_relevant_commits" does not exist, skipping
NOTICE:  schema "pg_temp" does not exist, skipping
NOTICE:  table "_fb_wal_lock_ids" does not exist, skipping
NOTICE:  table "_fb_wal_batch" does not exist, skipping
NOTICE:  table "_fb_wal_commits" does not exist, skipping
NOTICE:  table "_fb_wal_events" does not exist, skipping
NOTICE:  table "_fb_wal_relevant_commits" does not exist, skipping
NOTICE:  schema "pg_temp" does not exist, skipping
NOTICE:  table "_fb_wal_lock_ids" does not exist, skipping
NOTICE:  table "_fb_wal_batch" does not exist, skipping
NOTICE:  table "_fb_wal_commits" does not exist, skipping
NOTICE:  table "_fb_wal_events" does not exist, skipping
NOTICE:  table "_fb_wal_relevant_commits" does not exist, skipping
NOTICE:  schema "pg_temp" does not exist, skipping
NOTICE:  table "_fb_wal_lock_ids" does not exist, skipping
NOTICE:  table "_fb_wal_batch" does not exist, skipping
NOTICE:  table "_fb_wal_commits" does not exist, skipping
NOTICE:  table "_fb_wal_events" does not exist, skipping
NOTICE:  table "_fb_wal_relevant_commits" does not exist, skipping
NOTICE:  schema "pg_temp" does not exist, skipping
NOTICE:  table "_fb_wal_lock_ids" does not exist, skipping
NOTICE:  table "_fb_wal_batch" does not exist, skipping
NOTICE:  table "_fb_wal_commits" does not exist, skipping
NOTICE:  table "_fb_wal_events" does not exist, skipping
NOTICE:  table "_fb_wal_relevant_commits" does not exist, skipping
NOTICE:  schema "pg_temp" does not exist, skipping
NOTICE:  table "_fb_wal_lock_ids" does not exist, skipping
NOTICE:  table "_fb_wal_batch" does not exist, skipping
NOTICE:  table "_fb_wal_commits" does not exist, skipping
NOTICE:  table "_fb_wal_events" does not exist, skipping
NOTICE:  table "_fb_wal_relevant_commits" does not exist, skipping
NOTICE:  schema "pg_temp" does not exist, skipping
NOTICE:  table "_fb_wal_lock_ids" does not exist, skipping
NOTICE:  table "_fb_wal_batch" does not exist, skipping
NOTICE:  table "_fb_wal_commits" does not exist, skipping
NOTICE:  table "_fb_wal_events" does not exist, skipping
NOTICE:  table "_fb_wal_relevant_commits" does not exist, skipping
NOTICE:  schema "pg_temp" does not exist, skipping
NOTICE:  table "_fb_wal_lock_ids" does not exist, skipping
NOTICE:  table "_fb_wal_batch" does not exist, skipping
NOTICE:  table "_fb_wal_commits" does not exist, skipping
NOTICE:  table "_fb_wal_events" does not exist, skipping
NOTICE:  table "_fb_wal_relevant_commits" does not exist, skipping
NOTICE:  schema "pg_temp" does not exist, skipping
NOTICE:  table "_fb_wal_lock_ids" does not exist, skipping
NOTICE:  table "_fb_wal_batch" does not exist, skipping
NOTICE:  table "_fb_wal_commits" does not exist, skipping
NOTICE:  table "_fb_wal_events" does not exist, skipping
NOTICE:  table "_fb_wal_relevant_commits" does not exist, skipping
NOTICE:  schema "pg_temp" does not exist, skipping
NOTICE:  table "_fb_wal_lock_ids" does not exist, skipping
NOTICE:  table "_fb_wal_batch" does not exist, skipping
NOTICE:  table "_fb_wal_commits" does not exist, skipping
NOTICE:  table "_fb_wal_events" does not exist, skipping
NOTICE:  table "_fb_wal_relevant_commits" does not exist, skipping
NOTICE:  schema "pg_temp" does not exist, skipping
NOTICE:  table "_fb_wal_lock_ids" does not exist, skipping
NOTICE:  table "_fb_wal_batch" does not exist, skipping
NOTICE:  table "_fb_wal_commits" does not exist, skipping
NOTICE:  table "_fb_wal_events" does not exist, skipping
NOTICE:  table "_fb_wal_relevant_commits" does not exist, skipping
NOTICE:  schema "pg_temp" does not exist, skipping
NOTICE:  table "_fb_wal_lock_ids" does not exist, skipping
NOTICE:  table "_fb_wal_batch" does not exist, skipping
NOTICE:  table "_fb_wal_commits" does not exist, skipping
NOTICE:  table "_fb_wal_events" does not exist, skipping
NOTICE:  table "_fb_wal_relevant_commits" does not exist, skipping
NOTICE:  schema "pg_temp" does not exist, skipping
NOTICE:  table "_fb_wal_lock_ids" does not exist, skipping
NOTICE:  table "_fb_wal_batch" does not exist, skipping
NOTICE:  table "_fb_wal_commits" does not exist, skipping
NOTICE:  table "_fb_wal_events" does not exist, skipping
NOTICE:  table "_fb_wal_relevant_commits" does not exist, skipping
NOTICE:  schema "pg_temp" does not exist, skipping
NOTICE:  table "_fb_wal_lock_ids" does not exist, skipping
NOTICE:  table "_fb_wal_batch" does not exist, skipping
NOTICE:  table "_fb_wal_commits" does not exist, skipping
NOTICE:  table "_fb_wal_events" does not exist, skipping
NOTICE:  table "_fb_wal_relevant_commits" does not exist, skipping
NOTICE:  schema "pg_temp" does not exist, skipping
NOTICE:  table "_fb_wal_lock_ids" does not exist, skipping
NOTICE:  table "_fb_wal_batch" does not exist, skipping
NOTICE:  table "_fb_wal_commits" does not exist, skipping
NOTICE:  table "_fb_wal_events" does not exist, skipping
NOTICE:  table "_fb_wal_relevant_commits" does not exist, skipping
NOTICE:  schema "pg_temp" does not exist, skipping
NOTICE:  table "_fb_wal_lock_ids" does not exist, skipping
NOTICE:  table "_fb_wal_batch" does not exist, skipping
NOTICE:  table "_fb_wal_commits" does not exist, skipping
NOTICE:  table "_fb_wal_events" does not exist, skipping
NOTICE:  table "_fb_wal_relevant_commits" does not exist, skipping
NOTICE:  schema "pg_temp" does not exist, skipping
NOTICE:  table "_fb_wal_lock_ids" does not exist, skipping
NOTICE:  table "_fb_wal_batch" does not exist, skipping
NOTICE:  table "_fb_wal_commits" does not exist, skipping
NOTICE:  table "_fb_wal_events" does not exist, skipping
NOTICE:  table "_fb_wal_relevant_commits" does not exist, skipping
NOTICE:  schema "pg_temp" does not exist, skipping
NOTICE:  table "_fb_wal_lock_ids" does not exist, skipping
NOTICE:  table "_fb_wal_batch" does not exist, skipping
NOTICE:  table "_fb_wal_commits" does not exist, skipping
NOTICE:  table "_fb_wal_events" does not exist, skipping
NOTICE:  table "_fb_wal_relevant_commits" does not exist, skipping
NOTICE:  schema "pg_temp" does not exist, skipping
NOTICE:  table "_fb_wal_lock_ids" does not exist, skipping
NOTICE:  table "_fb_wal_batch" does not exist, skipping
NOTICE:  table "_fb_wal_commits" does not exist, skipping
NOTICE:  table "_fb_wal_events" does not exist, skipping
NOTICE:  table "_fb_wal_relevant_commits" does not exist, skipping
NOTICE:  schema "pg_temp" does not exist, skipping
NOTICE:  table "_fb_wal_lock_ids" does not exist, skipping
NOTICE:  table "_fb_wal_batch" does not exist, skipping
NOTICE:  table "_fb_wal_commits" does not exist, skipping
NOTICE:  table "_fb_wal_events" does not exist, skipping
NOTICE:  table "_fb_wal_relevant_commits" does not exist, skipping
NOTICE:  schema "pg_temp" does not exist, skipping
NOTICE:  table "_fb_wal_lock_ids" does not exist, skipping
NOTICE:  table "_fb_wal_batch" does not exist, skipping
NOTICE:  table "_fb_wal_commits" does not exist, skipping
NOTICE:  table "_fb_wal_events" does not exist, skipping
NOTICE:  table "_fb_wal_relevant_commits" does not exist, skipping
NOTICE:  schema "pg_temp" does not exist, skipping
NOTICE:  table "_fb_wal_lock_ids" does not exist, skipping
NOTICE:  table "_fb_wal_batch" does not exist, skipping
NOTICE:  table "_fb_wal_commits" does not exist, skipping
NOTICE:  table "_fb_wal_events" does not exist, skipping
NOTICE:  table "_fb_wal_relevant_commits" does not exist, skipping
NOTICE:  schema "pg_temp" does not exist, skipping
NOTICE:  table "_fb_wal_lock_ids" does not exist, skipping
NOTICE:  table "_fb_wal_batch" does not exist, skipping
NOTICE:  table "_fb_wal_commits" does not exist, skipping
NOTICE:  table "_fb_wal_events" does not exist, skipping
NOTICE:  table "_fb_wal_relevant_commits" does not exist, skipping
NOTICE:  schema "pg_temp" does not exist, skipping
NOTICE:  table "_fb_wal_lock_ids" does not exist, skipping
NOTICE:  table "_fb_wal_batch" does not exist, skipping
NOTICE:  table "_fb_wal_commits" does not exist, skipping
NOTICE:  table "_fb_wal_events" does not exist, skipping
NOTICE:  table "_fb_wal_relevant_commits" does not exist, skipping
[exact-candidate-drop] 03:36:43 building quoted/TOAST DROP relation: 2000 rows
NOTICE:  schema "pg_temp" does not exist, skipping
NOTICE:  table "_fb_wal_lock_ids" does not exist, skipping
NOTICE:  table "_fb_wal_batch" does not exist, skipping
NOTICE:  table "_fb_wal_commits" does not exist, skipping
NOTICE:  table "_fb_wal_events" does not exist, skipping
NOTICE:  table "_fb_wal_relevant_commits" does not exist, skipping
NOTICE:  schema "pg_temp" does not exist, skipping
NOTICE:  table "_fb_wal_lock_ids" does not exist, skipping
NOTICE:  table "_fb_wal_batch" does not exist, skipping
NOTICE:  table "_fb_wal_commits" does not exist, skipping
NOTICE:  table "_fb_wal_events" does not exist, skipping
NOTICE:  table "_fb_wal_relevant_commits" does not exist, skipping
NOTICE:  schema "pg_temp" does not exist, skipping
NOTICE:  table "_fb_wal_lock_ids" does not exist, skipping
NOTICE:  table "_fb_wal_batch" does not exist, skipping
NOTICE:  table "_fb_wal_commits" does not exist, skipping
NOTICE:  table "_fb_wal_events" does not exist, skipping
NOTICE:  table "_fb_wal_relevant_commits" does not exist, skipping
NOTICE:  schema "pg_temp" does not exist, skipping
NOTICE:  table "_fb_wal_lock_ids" does not exist, skipping
NOTICE:  table "_fb_wal_batch" does not exist, skipping
NOTICE:  table "_fb_wal_commits" does not exist, skipping
NOTICE:  table "_fb_wal_events" does not exist, skipping
NOTICE:  table "_fb_wal_relevant_commits" does not exist, skipping
[exact-candidate-drop] 03:36:45 building backup DROP relation: 20000 base + 1000 WAL rows
[exact-candidate-drop] 03:36:48 backup anchor 20260723-033646F stop=0/47000748
NOTICE:  schema "pg_temp" does not exist, skipping
NOTICE:  table "_fb_wal_lock_ids" does not exist, skipping
NOTICE:  table "_fb_wal_batch" does not exist, skipping
NOTICE:  table "_fb_wal_commits" does not exist, skipping
NOTICE:  table "_fb_wal_events" does not exist, skipping
NOTICE:  table "_fb_wal_relevant_commits" does not exist, skipping
NOTICE:  table "backup_drop_medium" does not exist, skipping
NOTICE:  schema "pg_temp" does not exist, skipping
NOTICE:  table "_fb_wal_lock_ids" does not exist, skipping
NOTICE:  table "_fb_wal_batch" does not exist, skipping
NOTICE:  table "_fb_wal_commits" does not exist, skipping
NOTICE:  table "_fb_wal_events" does not exist, skipping
NOTICE:  table "_fb_wal_relevant_commits" does not exist, skipping
[exact-candidate-drop] 03:36:55 DROP qualification passed: 103 destructive DROP-to-restore cases
[exact-candidate-drop] 03:36:55 result written: /home/caghan.linux/table-restore/pg_flashback/target/exact-candidate-drop/results/exact-candidate-drop-20260723T003517Z-2130568.json status=passed drops=103/103
[exact-candidate-drop] 03:36:55 artifacts kept at /home/caghan.linux/table-restore/pg_flashback/target/exact-candidate-drop/runs/20260723T003517Z-2130568
[exact-wal-matrix] 03:36:55 passed: drop_qualification
[exact-wal-matrix] 03:36:55 running drop_adversarial: env CANDIDATE_DIR=/home/caghan.linux/table-restore/pg_flashback/target/candidate/b3b8ba5d8730dd80595f7c51764dd0e4e0641b03 /home/caghan.linux/table-restore/pg_flashback/scripts/run_exact_candidate_drop_adversarial.sh
[drop-adversarial] 03:36:56 PASS[1]: cli_doctor
[drop-adversarial] 03:36:56 PASS[2]: control_chars_rejected
[drop-adversarial] 03:36:56 PASS[3]: unlogged_rejected
[drop-adversarial] 03:36:56 PASS[4]: partitioned_rejected
NOTICE:  pg_flashback: created logical replication slot pg_flashback_postgres
NOTICE:  table "__fb_lsn_shadow_1" does not exist, skipping
NOTICE:  table "__fb_lsn_shadow_1" does not exist, skipping
NOTICE:  table "orders" does not exist, skipping
NOTICE:  pg_flashback: restore applied at target LSN 0/184CDC8; successor coverage is pending until this transaction COMMIT is consumed. Check flashback_health() before another historical operation.
[drop-adversarial] 03:36:57 PASS[5]: schema_drop_recover
[drop-adversarial] 03:36:57 PASS[6]: same_name_identity_conflict
[drop-adversarial] 03:36:58 PASS[7]: slot_loss_drop_path
NOTICE:  pg_flashback: created logical replication slot pg_flashback_postgres
[drop-adversarial] 03:37:00 PASS[8]: concurrent_recover
[drop-adversarial] 03:37:01 PASS[9]: protect_idempotent
[drop-adversarial] 03:37:03 PASS[10]: capacity_reject_recover
[drop-adversarial] 03:37:03 PASS[11]: zero_drop_events
[drop-adversarial] 03:37:05 PASS[12]: latest_drop_no_silent_fallback
NOTICE:  table "__fb_lsn_shadow_7" does not exist, skipping
NOTICE:  table "__fb_lsn_shadow_7" does not exist, skipping
NOTICE:  table "adv_fp" does not exist, skipping
NOTICE:  pg_flashback: restore applied at target LSN 0/1BF2188; successor coverage is pending until this transaction COMMIT is consumed. Check flashback_health() before another historical operation.
[drop-adversarial] 03:37:07 PASS[13]: failpoint_before_materialize
[drop-adversarial] 03:37:07 result: /home/caghan.linux/table-restore/pg_flashback/target/exact-candidate-drop-adversarial/results/drop-adversarial-20260723T003655Z-2143665.json status=passed passed=13 failed=0
[exact-wal-matrix] 03:37:07 passed: drop_adversarial
[exact-wal-matrix] 03:37:07 result: /home/caghan.linux/table-restore/pg_flashback/target/exact-wal-matrix/results/exact-wal-matrix-20260723T003504Z-2129740.json
